{"0,57":0.620763,"0,58":0.62174,"0,59":0.622194,"0,60":0.622109,"0,61":0.621477,"0,62":0.620301,"0,63":3.9949572719004185,"0,64":3.9949572719004185,"1,56":0.615798,"1,57":3.9949572719004185,"1,58":3.9949572719004185,"1,59":3.9949572719004185,"1,60":3.9949572719004185,"1,61":3.9949572719004185,"1,62":3.9949572719004185,"1,63":3.9949572719004185,"1,64":3.9949572719004185,"2,55":0.610354,"2,56":0.612361,"2,57":3.9949572719004185,"2,58":3.9949572719004185,"2,59":3.9949572719004185,"2,60":3.9949572719004185,"2,61":3.9949572719004185,"2,62":3.9949572719004185,"2,63":3.9949572719004185,"2,64":3.9949572719004185,"3,54":0.604509,"3,55":0.606965,"3,56":3.9949572719004185,"3,57":3.9949572719004185,"3,58":3.9949572719004185,"3,59":3.9949572719004185,"3,60":3.9949572719004185,"3,61":3.9949572719004185,"3,62":3.9949572719004185,"3,63":3.9949572719004185,"3,64":0.607186,"4,53":0.598348,"4,54":0.601201,"4,55":3.9949572719004185,"4,56":3.9949572719004185,"4,57":3.9949572719004185,"4,58":3.9949572719004185,"4,59":3.9949572719004185,"4,60":3.9949572719004185,"4,61":0.608848,"4,62":0.607867,"4,63":0.606359,"4,64":0.604346,"5,52":0.591963,"5,53":0.595153,"5,54":3.9949572719004185,"5,55":3.9949572719004185,"5,56":3.9949572719004185,"5,57":0.604392,"5,58":0.605584,"5,59":0.606262,"5,60":0.606409,"5,61":0.606016,"5,62":0.605087,"5,63":0.603631,"5,64":0.601671,"6,51":0.58545,"6,52":3.9949572719004185,"6,53":3.9949572719004185,"6,54":3.9949572719004185,"6,55":3.9949572719004185,"6,56":0.59983,"6,57":0.601555,"6,58":0.602795,"6,59":0.603523,"6,60":0.60372,"6,61":0.603379,"6,62":0.602502,"6,63":0.6011,"6,64":0.599194,"7,51":0.582569,"7,52":3.9949572719004185,"7,53":3.9949572719004185,"7,54":3.9949572719004185,"7,55":0.594943,"7,56":0.597164,"7,57":0.598938,"7,58":0.600227,"7,59":0.601005,"7,60":0.601254,"7,61":0.600966,"7,62":0.600142,"7,63":0.598793,"7,64":0.596941,"8,50":0.576225,"8,51":0.579926,"8,52":3.9949572719004185,"8,53":3.9949572719004185,"8,54":0.589804,"8,55":0.592475,"8,56":0.594745,"8,57":0.596568,"8,58":0.597908,"8,59":0.598737,"8,60":0.599039,"8,61":0.598804,"8,62":0.598033,"8,63":0.596739,"8,64":0.594941,"9,50":0.573803,"9,51":0.577545,"9,52":3.9949572719004185,"9,53":3.9949572719004185,"9,54":0.587558,"9,55":0.590277,"9,56":0.592596,"9,57":0.59447,"9,58":0.595861,"9,59":0.596743,"9,60":0.597098,"9,61":0.596916,"9,62":0.5962,"9,63":0.59496,"9,64":0.593217,"10,49":0.567795,"10,50":0.571665,"10,51":0.575451,"10,52":3.9949572719004185,"10,53":3.9949572719004185,"10,54":0.585602,"10,55":0.588371,"10,56":0.590741,"10,57":0.592666,"10,58":0.59411,"10,59":0.595045,"10,60":0.595453,"10,61":0.595326,"10,62":0.594664,"10,63":0.593479,"10,64":0.59179,"11,49":0.565918,"11,50":0.569831,"11,51":0.573662,"11,52":3.9949572719004185,"11,53":3.9949572719004185,"11,54":3.9949572719004185,"11,55":0.586777,"11,56":0.589198,"11,57":0.591175,"11,58":0.592673,"11,59":0.593662,"11,60":0.594124,"11,61":0.594051,"11,62":0.593444,"11,63":0.592312,"11,64":0.590678,"12,49":0.564361,"12,50":0.568318,"12,51":0.572196,"12,52":3.9949572719004185,"12,53":3.9949572719004185,"12,54":3.9949572719004185,"12,55":0.585511,"12,56":0.587984,"12,57":0.590014,"12,58":0.591565,"12,59":0.592608,"12,60":0.593125,"12,61":0.593107,"12,62":0.592554,"12,63":0.591477,"12,64":0.589895,"13,49":0.563136,"13,50":0.56714,"13,51":0.571066,"13,52":3.9949572719004185,"13,53":3.9949572719004185,"13,54":3.9949572719004185,"13,55":3.9949572719004185,"13,56":0.587111,"13,57":0.589195,"13,58":0.5908,"13,59":0.591898,"13,60":0.592469,"13,61":0.592505,"13,62":0.592006,"13,63":0.590982,"13,64":0.589454,"14,49":0.562254,"14,50":0.566307,"14,51":0.570281,"14,52":3.9949572719004185,"14,53":3.9949572719004185,"14,54":3.9949572719004185,"14,55":3.9949572719004185,"14,56":3.9949572719004185,"14,57":3.9949572719004185,"14,58":0.590386,"14,59":0.591538,"14,60":0.592163,"14,61":0.592253,"14,62":0.591808,"14,63":0.590837,"14,64":0.589362,"15,48":0.557618,"15,49":0.561721,"15,50":0.565823,"15,51":0.569848,"15,52":3.9949572719004185,"15,53":3.9949572719004185,"15,54":3.9949572719004185,"15,55":3.9949572719004185,"15,56":3.9949572719004185,"15,57":3.9949572719004185,"15,58":3.9949572719004185,"15,59":0.591533,"15,60":0.592213,"15,61":0.592356,"15,62":0.591964,"15,63":0.591046,"15,64":0.589622,"16,48":0.557387,"16,49":0.56154,"16,50":0.565692,"16,51":0.569769,"16,52":3.9949572719004185,"16,53":3.9949572719004185,"16,54":3.9949572719004185,"16,55":3.9949572719004185,"16,56":3.9949572719004185,"16,57":3.9949572719004185,"16,58":3.9949572719004185,"16,59":0.591885,"16,60":0.592618,"16,61":0.592815,"16,62":0.592475,"16,63":0.591608,"16,64":0.590234,"17,49":0.561709,"17,50":0.565913,"17,51":0.570042,"17,52":0.574024,"17,53":3.9949572719004185,"17,54":3.9949572719004185,"17,55":3.9949572719004185,"17,56":3.9949572719004185,"17,57":3.9949572719004185,"17,58":3.9949572719004185,"17,59":3.9949572719004185,"17,60":0.593376,"17,61":0.593625,"17,62":0.593336,"17,63":0.59252,"17,64":0.591195,"18,49":0.562223,"18,50":0.566479,"18,51":0.570661,"18,52":0.574697,"18,53":3.9949572719004185,"18,54":3.9949572719004185,"18,55":3.9949572719004185,"18,56":3.9949572719004185,"18,57":3.9949572719004185,"18,58":3.9949572719004185,"18,59":3.9949572719004185,"18,60":0.594479,"18,61":0.59478,"18,62":0.594542,"18,63":0.593774,"18,64":0.592497,"19,49":0.563073,"19,50":0.567382,"19,51":0.571618,"19,52":0.575708,"19,53":0.57958,"19,54":0.583171,"19,55":0.586419,"19,56":3.9949572719004185,"19,57":3.9949572719004185,"19,58":3.9949572719004185,"19,59":3.9949572719004185,"19,60":3.9949572719004185,"19,61":3.9949572719004185,"19,62":3.9949572719004185,"19,63":0.59536,"19,64":0.59413,"20,49":0.564246,"20,50":0.568609,"20,51":0.5729,"20,52":0.577043,"20,53":0.580971,"20,54":0.584615,"20,55":0.587917,"20,56":0.590822,"20,57":3.9949572719004185,"20,58":3.9949572719004185,"20,59":3.9949572719004185,"20,60":3.9949572719004185,"20,61":3.9949572719004185,"20,62":3.9949572719004185,"20,63":3.9949572719004185,"20,64":3.9949572719004185,"21,49":0.565728,"21,50":0.570145,"21,51":0.57449,"21,52":0.578688,"21,53":0.582669,"21,54":0.586368,"21,55":0.589724,"21,56":0.592682,"21,57":3.9949572719004185,"21,58":3.9949572719004185,"21,59":3.9949572719004185,"21,60":3.9949572719004185,"21,61":3.9949572719004185,"21,62":3.9949572719004185,"21,63":3.9949572719004185,"21,64":3.9949572719004185,"22,50":0.571969,"22,51":0.576368,"22,52":0.580621,"22,53":0.584657,"22,54":0.588409,"22,55":0.591818,"22,56":0.594828,"22,57":0.597394,"22,58":3.9949572719004185,"22,59":3.9949572719004185,"22,60":3.9949572719004185,"22,61":3.9949572719004185,"22,62":3.9949572719004185,"22,63":3.9949572719004185,"22,64":3.9949572719004185,"23,50":0.574061,"23,51":0.578514,"23,52":0.582821,"23,53":0.58691,"23,54":0.590715,"23,55":0.594176,"23,56":0.597238,"23,57":0.599855,"23,58":0.601987,"23,59":0.603605,"23,60":3.9949572719004185,"23,61":3.9949572719004185,"23,62":3.9949572719004185,"23,63":3.9949572719004185,"23,64":3.9949572719004185,"24,51":0.580901,"24,52":0.585261,"24,53":0.589404,"24,54":0.593261,"24,55":0.596774,"24,56":0.599886,"24,57":0.602552,"24,58":0.604732,"24,59":0.606396,"24,60":0.607525,"24,61":3.9949572719004185,"24,62":3.9949572719004185,"24,63":3.9949572719004185,"24,64":3.9949572719004185,"25,51":0.583502,"25,52":0.587915,"25,53":0.59211,"25,54":0.596019,"25,55":0.599582,"25,56":0.602743,"25,57":0.605457,"25,58":0.607683,"25,59":0.609392,"25,60":0.610563,"25,61":0.611186,"25,62":0.611258,"25,63":0.610789,"25,64":0.609797,"26,52":0.590753,"26,53":0.594999,"26,54":0.598958,"26,55":0.60257,"26,56":0.60578,"26,57":0.608539,"26,58":0.61081,"26,59":0.612562,"26,60":0.613774,"26,61":0.614436,"26,62":0.614545,"26,63":0.61411,"26,64":0.61315,"27,53":0.598038,"27,54":0.602047,"27,55":0.605707,"27,56":0.608962,"27,57":0.611767,"27,58":0.61408,"27,59":0.615873,"27,60":0.617124,"27,61":0.617822,"27,62":0.617966,"27,63":0.617564,"27,64":0.616633,"28,54":0.605252,"28,55":0.608958,"28,56":0.612258,"28,57":0.615105,