{"0,57":0.656322,"0,58":0.658916,"0,59":0.660926,"0,60":0.66233,"0,61":0.663116,"0,62":0.663283,"0,63":0.662839,"0,64":0.661802,"1,57":0.65524,"1,58":0.657811,"1,59":0.659796,"1,60":0.661172,"1,61":0.661928,"1,62":0.662062,"1,63":0.661583,"1,64":0.660509,"2,57":0.653939,"2,58":0.656486,"2,59":0.658443,"2,60":0.659788,"2,61":0.660511,"2,62":0.66061,"2,63":0.660094,"2,64":0.65898,"3,56":0.649365,"3,57":0.652445,"3,58":0.654963,"3,59":0.65689,"3,60":0.658203,"3,61":0.658891,"3,62":0.658952,"3,63":0.658396,"3,64":0.657241,"4,56":0.647729,"4,57":0.650781,"4,58":0.65327,"4,59":0.655163,"4,60":0.656441,"4,61":0.657092,"4,62":0.657114,"4,63":0.656516,"4,64":0.655318,"5,57":0.648978,"5,58":0.651433,"5,59":0.653291,"5,60":0.654532,"5,61":0.655143,"5,62":0.655124,"5,63":0.654483,"5,64":0.653239,"6,57":0.647062,"6,58":0.649482,"6,59":0.651303,"6,60":0.652504,"6,61":0.653074,"6,62":0.653011,"6,63":0.652325,"6,64":0.651035,"7,57":0.645065,"7,58":0.647448,"7,59":0.649229,"7,60":0.650389,"7,61":0.650915,"7,62":0.650807,"7,63":0.650074,"7,64":0.648736,"8,57":0.643017,"8,58":0.645361,"8,59":0.647101,"8,60":0.648217,"8,61":0.648698,"8,62":0.648543,"8,63":0.647762,"8,64":0.646374,"9,58":0.643252,"9,59":0.644948,"9,60":0.646019,"9,61":0.646454,"9,62":0.646251,"9,63":0.645421,"9,64":0.643982,"10,58":0.641152,"10,59":0.642804,"10,60":0.643828,"10,61":0.644215,"10,62":0.643962,"10,63":0.643081,"10,64":0.641591,"11,59":0.640698,"11,60":0.641674,"11,61":0.642011,"11,62":0.641708,"11,63":0.640775,"11,64":0.639232,"12,59":0.638661,"12,60":0.639587,"12,61":0.639873,"12,62":0.639519,"12,63":0.638534,"12,64":0.636937,"13,60":0.637596,"13,61":0.637831,"13,62":0.637423,"13,63":0.636385,"13,64":0.634735,"14,61":0.63591,"14,62":0.635449,"14,63":0.634357,"14,64":0.632653,"15,61":0.634136,"15,62":0.633622,"15,63":0.632476,"15,64":0.630717,"16,63":0.630764,"16,64":0.628951,"17,64":0.627376,"61,63":0.628213,"61,64":0.625857,"62,61":0.628096,"62,62":0.626832,"62,63":0.625033,"62,64":0.622722,"63,59":0.625591,"63,60":0.625465,"63,61":0.62479,"63,62":0.623569,"63,63":0.621815,"63,64":0.61955,"64,57":0.620763,"64,58":0.62174,"64,59":0.622194,"64,60":0.622109,"64,61":0.621477,"64,62":0.620301,"64,63":3.9949572719004185,"64,64":3.9949572719004185}