{"48,0":0.618082,"49,0":0.621096,"49,1":0.626363,"50,0":0.623886,"50,1":0.629116,"50,2":0.634333,"51,0":0.626425,"51,1":0.631617,"51,2":0.636792,"51,3":0.641873,"51,4":0.646782,"52,0":0.628689,"52,1":0.633839,"52,2":0.638972,"52,3":0.644008,"52,4":0.648871,"53,0":0.630656,"53,1":0.635764,"53,2":0.640852,"53,3":0.645842,"53,4":0.650657,"53,5":0.655221,"54,0":0.632309,"54,1":0.637372,"54,2":0.642413,"54,3":0.647355,"54,4":0.652121,"54,5":0.656635,"54,6":0.660827,"55,0":0.633632,"55,1":0.638649,"55,2":0.643642,"55,3":0.648535,"55,4":0.653251,"55,5":0.657714,"55,6":0.661853,"56,0":0.634616,"56,1":0.639584,"56,2":0.644528,"56,3":0.649371,"56,4":0.654035,"56,5":0.658445,"56,6":0.662531,"56,7":0.666227,"57,0":0.635251,"57,1":0.64017,"57,2":0.645064,"57,3":0.649855,"57,4":0.654467,"57,5":0.658824,"57,6":0.662856,"57,7":0.666498,"58,0":0.635535,"58,1":0.640404,"58,2":0.645246,"58,3":0.649985,"58,4":0.654543,"58,5":0.658847,"58,6":0.662825,"58,7":0.666412,"58,8":0.669547,"59,0":0.635467,"59,1":0.640285,"59,2":0.645075,"59,3":0.649761,"59,4":0.654265,"59,5":0.658515,"59,6":0.662439,"59,7":0.665971,"59,8":0.669052,"60,0":0.635053,"60,1":0.639818,"60,2":0.644555,"60,3":0.649187,"60,4":0.653638,"60,5":0.657833,"60,6":0.661702,"60,7":0.66518,"60,8":0.668207,"61,0":0.634299,"61,1":0.639011,"61,2":0.643694,"61,3":0.648272,"61,4":0.652668,"61,5":0.656809,"61,6":0.660624,"61,7":0.664048,"61,8":0.667021,"62,0":0.633217,"62,1":0.637875,"62,2":0.642504,"62,3":0.647028,"62,4":0.65137,"62,5":0.655456,"62,6":0.659217,"62,7":0.662587,"62,8":0.665507,"62,9":0.667924,"63,0":0.631821,"63,1":0.636425,"63,2":0.641,"63,3":0.645469,"63,4":0.649757,"63,5":0.653789,"63,6":0.657496,"63,7":0.660814,"63,8":0.663681,"63,9":0.666047,"64,0":0.63013,"64,1":0.63468,"64,2":0.639201,"64,3":0.643615,"64,4":0.647849,"64,5":0.651827,"64,6":0.655482,"64,7":0.658746,"64,8":0.661562}