{"54,64":0.658506,"55,63":0.661062,"55,64":0.66025,"56,61":0.662432,"56,62":0.662767,"56,63":0.662512,"56,64":0.661686,"57,61":0.663593,"57,62":0.663917,"57,63":0.663648,"57,64":0.662805,"58,60":0.663528,"58,61":0.664441,"58,62":0.664751,"58,63":0.664465,"58,64":0.663602,"59,59":0.662573,"59,60":0.664075,"59,61":0.664974,"59,62":0.665267,"59,63":0.664961,"59,64":0.664076,"60,59":0.662824,"60,60":0.664313,"60,61":0.665194,"60,62":0.665467,"60,63":0.665139,"60,64":0.664229,"61,58":0.660705,"61,59":0.662774,"61,60":0.664246,"61,61":0.665108,"61,62":0.665358,"61,63":0.665005,"61,64":0.664067,"62,58":0.66038,"62,59":0.662432,"62,60":0.663884,"62,61":0.664723,"62,62":0.664949,"62,63":0.664568,"62,64":0.663599,"63,57":0.657165,"63,58":0.659779,"63,59":0.661811,"63,60":0.66324,"63,61":0.664054,"63,62":0.664252,"63,63":0.66384,"63,64":0.662839,"64,57":0.656322,"64,58":0.658916,"64,59":0.660926,"64,60":0.66233,"64,61":0.663116,"64,62":0.663283,"64,63":0.662839,"64,64":0.661802}