{"43,46":0.569228,"43,47":0.566547,"44,38":0.601866,"44,39":0.598133,"44,40":0.594281,"44,41":0.590382,"44,42":0.586513,"44,43":0.582746,"44,44":0.579155,"44,45":0.575812,"44,46":0.572784,"44,47":0.570133,"44,48":0.567916,"44,49":0.566181,"44,50":0.564972,"44,51":0.56432,"44,52":0.56425,"44,53":0.564776,"44,54":0.565903,"44,55":0.567625,"45,35":0.614769,"45,36":0.611849,"45,37":0.60861,"45,38":0.605113,"45,39":0.601425,"45,40":0.597615,"45,41":0.593758,"45,42":0.589927,"45,43":0.586197,"45,44":0.582641,"45,45":0.57933,"45,46":0.576332,"45,47":0.573708,"45,48":0.571515,"45,49":0.569802,"45,50":0.568611,"45,51":0.567976,"45,52":0.567919,"45,53":0.568455,"45,54":0.56959,"45,55":0.571316,"45,56":0.573619,"45,57":0.576474,"45,58":0.579847,"46,33":0.622416,"46,34":0.620346,"46,35":0.61785,"46,36":0.614979,"46,37":0.611786,"46,38":0.608334,"46,39":0.604688,"46,40":0.60092,"46,41":0.597101,"46,42":0.593307,"46,43":0.589611,"46,44":0.586088,"46,45":0.582806,"46,46":0.579835,"46,47":0.577236,"46,48":0.575064,"46,49":0.573371,"46,50":0.572196,"46,51":0.571574,"46,52":0.571527,"46,53":0.572071,"46,54":0.57321,"46,55":0.574938,"46,56":0.57724,"46,57":0.58009,"46,58":0.583455,"46,59":0.58729,"46,60":0.591545,"47,31":0.627957,"47,32":0.626901,"47,33":0.625346,"47,34":0.623324,"47,35":0.620877,"47,36":0.618052,"47,37":0.614904,"47,38":0.611494,"47,39":0.607889,"47,40":0.60416,"47,41":0.600378,"47,42":0.596618,"47,43":0.592955,"47,44":0.589461,"47,45":0.586207,"47,46":0.58326,"47,47":0.580682,"47,48":0.57853,"47,49":0.576852,"47,50":0.575691,"47,51":0.575079,"47,52":0.57504,"47,53":0.575588,"47,54":0.576729,"47,55":0.578455,"47,56":0.580752,"47,57":0.583595,"47,58":0.586949,"47,59":0.590771,"47,60":0.59501,"47,61":0.599607,"47,62":0.604497,"48,29":0.631137,"48,30":0.631187,"48,31":0.630703,"48,32":0.629697,"48,33":0.628191,"48,34":0.626218,"48,35":0.623816,"48,36":0.621036,"48,37":0.61793,"48,38":0.614562,"48,39":0.610996,"48,40":0.607303,"48,41":0.603556,"48,42":0.599828,"48,43":0.596195,"48,44":0.592728,"48,45":0.589498,"48,46":0.586573,"48,47":0.584014,"48,48":0.581878,"48,49":0.580214,"48,50":0.579063,"48,51":0.578458,"48,52":0.578424,"48,53":0.578974,"48,54":0.580112,"48,55":0.581834,"48,56":0.584124,"48,57":0.586956,"48,58":0.590297,"48,59":0.594103,"48,60":0.598323,"48,61":0.602898,"48,62":0.607763,"48,63":0.612849,"48,64":0.618082,"49,28":0.633027,"49,29":0.633669,"49,30":0.633771,"49,31":0.633337,"49,32":0.63238,"49,33":0.630922,"49,34":0.628994,"49,35":0.626638,"49,36":0.6239,"49,37":0.620836,"49,38":0.617506,"49,39":0.613977,"49,40":0.610319,"49,41":0.606604,"49,42":0.602906,"49,43":0.599299,"49,44":0.595857,"49,45":0.592649,"49,46":0.589743,"49,47":0.5872,"49,48":0.585077,"49,49":0.583424,"49,50":0.58228,"49,51":0.58168,"49,52":0.581647,"49,53":0.582195,"49,54":0.583329,"49,55":0.585043,"49,56":0.587322,"49,57":0.590141,"49,58":0.593466,"49,59":0.597253,"49,60":0.601451,"49,61":0.606001,"49,62":0.610839,"49,63":0.615896,"49,64":0.621096,"50,27":0.634144,"50,28":0.63537,"50,29":0.636063,"50,30":0.636215,"50,31":0.63583,"50,32":0.634921,"50,33":0.633509,"50,34":0.631627,"50,35":0.629313,"50,36":0.626616,"50,37":0.623591,"50,38":0.620298,"50,39":0.616803,"50,40":0.613177,"50,41":0.609492,"50,42":0.605821,"50,43":0.602239,"50,44":0.598818,"50,45":0.595629,"50,46":0.592739,"50,47":0.59021,"50,48":0.588097,"50,49":0.586451,"50,50":0.585312,"50,51":0.584713,"50,52":0.584678,"50,53":0.585222,"50,54":0.586348,"50,55":0.588052,"50,56":0.590318,"50,57":0.593121,"50,58":0.596426,"50,59":0.600191,"50,60":0.604365,"50,61":0.608888,"50,62":0.613696,"50,63":0.618721,"50,64":0.623886,"51,25":0.632189,"51,26":0.634476,"51,27":0.636272,"51,28":0.63755,"51,29":0.638293,"51,30":0.638494,"51,31":0.638157,"51,32":0.637294,"51,33":0.635927,"51,34":0.634087,"51,35":0.631815,"51,36":0.629157,"51,37":0.626168,"51,38":0.62291,"51,39":0.619447,"51,40":0.615851,"51,41":0.612192,"51,42":0.608546,"51,43":0.604986,"51,44":0.601584,"51,45":0.598411,"51,46":0.595535,"51,47":0.593016,"51,48":0.590911,"51,49":0.589269,"51,50":0.588131,"51,51":0.587531,"51,52":0.587491,"51,53":0.588027,"51,54":0.589143,"51,55":0.590834,"51,56":0.593084,"51,57":0.595867,"51,58":0.599151,"51,59":0.602891,"51,60":0.607037,"51,61":0.611531,"51,62":0.616307,"51,63":0.621297,"51,64":0.626425,"52,25":0.634029,"52,26":0.636369,"52,27":0.638215,"52,28":0.639543,"52,29":0.640336,"52,30":0.640585,"52,31":0.640294,"52,32":0.639476,"52,33":0.638152,"52,34":0.636353,"52,35":0.634119,"52,36":0.631498,"52,37":0.628544,"52,38":0.625317,"52,39":0.621885,"52,40":0.618315,"52,41":0.614682,"52,42":0.611057,"52,43":0.607516,"52,44":0.60413,"52,45":0.600971,"52,46":0.598104,"52,47":0.595593,"52,48":0.593492,"52,49":0.591852,"52,50":0.590712,"52,51":0.590107,"52,52":0.590061,"52,53":0.590586,"52,54":0.591689,"52,55":0.593363,"52,56":0.595593,"52,57":0.598355,"52,58":0.601614,"52,59":0.605327,"52,60":0.609444,"52,61":0.613905,"52,62":0.618647,"52,63":0.623599,"52,64":0.628689,"53,24":0.632817,"53,25":0.635666,"53,26":0.638056,"53,27":0.639954,"53,28":0.641331,"53,29":0.642171,"53,30":0.642467,"53,31":0.642221,"53,32":0.641445,"53,33":0.640162,"53,34":0.638402,"53,35":0.636205,"53,36":0.633618,"53,37":0.630696,"53,38":0.627499,"53,39":0.624094,"53,40":0.620549,"53,41":0.616937,"53,42":0.613331,"53,43":0.609806,"53,44":0.606434,"53,45":0.603285,"53,46":0.600426,"53,47":0.597919,"53,48":0.595819,"53,49":0.594177,"53,50":0.593033,"53,51":0.592421,"53,52":0.592364,"53,53":0.592876,"53,54":0.593962,"53,55":0.595617,"53,56":0.597826,"53,57":0.600563,"53,58":0.603795,"53,59":0.607478,"53,60":0.611562,"53,61":0.615989,"53,62":0.620694,"53,63":0.625608,"53,64":0.630656,"54,23":0.630866,"54,24":0.634182,"54,25":0.637082,"54,26":0.639523,"54,27":0.641469,"54,28":0.642894,"54,29":0.643781,"54,30":0.644121,"54,31":0.643918,"54,32":0.643183,"54,33":0.641939,"54,34":0.640216,"54,35":0.638053,"54,36":0.635498,"54,37":0.632606,"54,38":0.629437,"54,39":0.626056,"54,40":0.622533,"54,41":0.618939,"54,42":0.61535,"54,43":0.611838,"54,44":0.608476,"54,45":0.605335,"54,46":0.60248,"54,47":0.599974,"54,48":0.597874,"54,49":0.596227,"54,50":0.595075,"54,51":0.594453,"54,52":0.594382,"54,53":0.594878,"54,54":0.595945,"54,55":0.597578,"54,56":0.599762,"54,57":0.602472,"54,58":0.605674,"54,59":0.609325,"54,60":0.613375,"54,61":0.617765,"54,62":0.622431,"54,63":0.627303,"54,64":0.632309,"55,23":0.631946,"55,24":0.635313,"55,25":0.638264,"55,26":0.640754,"55,27":0.642748,"55,28":0.64422,"55,29":0.645151,"55,30":0.645534,"55,31":0.645372,"55,32":0.644676,"55,33":0.643468,"55,34":0.64178,"55,35":0.639649,"55,36":0.637124,"55,37":0.634259,"55,38":0.631114,"55,39":0.627755,"55,40":0.624251,"55,41":0.620674,"55,42":0.617097,"55,43":0.613596,"55,44":0.610241,"55,45":0.607104,"55,46":0.604251,"55,47":0.601744,"55,48":0.599639,"55,49":0.597984,"55,50":0.596822,"55,51":0.596186,"55,52":0.596099,"55,53":0.596576,"55,54":0.597621,"55,55":0.59923,"55,56":0.601387,"55,57":0.604067,"55,58":0.607237,"55,59":0.610853,"55,60":0.614866,"55,61":0.619217,"55,62":0.623842,"55,63":0.628671,"55,64":0.633632,"56,22":0.629002,"56,23":0.632784,"56,24":0.636201,"56,25":0.639201,"56,26":0.641739,"56,27":0.64378,"56,28":0.645296,"56,29":0.646269,"56,30":0.646694,"56,31":0.64657,"56,32":0.645911,"56,33":0.644738,"56,34":0.643082,"56,35":0.640981,"56,36":0.638483,"56,37":0.635642,"56,38":0.632519,"56,39":0.629179,"56,40":0.625691,"56,41":0.622127,"56,42":0.618561,"56,43":0.615067,"56,44":0.611717,"56,45":0.608581,"56,46":0.605727,"56,47":0.603215,"56,48":0.601102,"56,49":0.599437,"56,50":0.598262,"56,51":0.597609,"56,52":0.597503,"56,53":0.597958,"56,54":0.598979,"56,55":0.600561,"56,56":0.602688,"56,57":0.605336,"56,58":0.608471,"56,59":0.61205,"56,60":0.616024,"56,61":0.620334,"56,62":0.624916,"56,63":0.629701,"56,64":0.634616,"57,13":0.589721,"57,14":0.593729,"57,15":0.598015,"57,16":0.602508,"57,17":0.607131,"57,18":0.611808,"57,19":0.616462,"57,20":0.621017,"57,21":0.625399,