{"0,0":0.578333,"0,1":0.583192,"0,2":0.588127,"0,3":0.593059,"0,4":0.597912,"0,5":0.602611,"0,6":0.607084,"0,7":0.611263,"0,8":0.615086,"0,9":0.618499,"0,10":0.621452,"0,11":0.623907,"0,12":0.625833,"0,13":0.627208,"0,14":0.628021,"0,15":0.628271,"0,16":0.627964,"0,17":0.62712,"0,18":0.625765,"0,19":0.623936,"0,20":0.621675,"0,21":0.619036,"0,22":0.616077,"1,0":0.575923,"1,1":0.580832,"1,2":0.585816,"1,3":0.590797,"1,4":0.595697,"1,5":0.600441,"1,6":0.604957,"1,7":0.609177,"1,8":0.61304,"1,9":0.61649,"1,10":0.619478,"1,11":0.621966,"1,12":0.623922,"1,13":0.625325,"1,14":0.626163,"1,15":0.626435,"1,16":0.626148,"1,17":0.625321,"1,18":0.62398,"1,19":0.622161,"1,20":0.619909,"1,21":0.617276,"1,22":0.614318,"2,0":0.573579,"2,1":0.578538,"2,2":0.58357,"2,3":0.588597,"2,4":0.593542,"2,5":0.59833,"2,6":0.602887,"2,7":0.607147,"2,8":0.611047,"2,9":0.614531,"2,10":0.617553,"2,11":0.620071,"2,12":0.622054,"2,13":0.623483,"2,14":0.624343,"2,15":0.624635,"2,16":0.624365,"2,17":0.623552,"2,18":0.622222,"2,19":0.620411,"2,20":0.618164,"2,21":0.615533,"2,22":0.612574,"3,0":0.571334,"3,1":0.576341,"3,2":0.58142,"3,3":0.586492,"3,4":0.59148,"3,5":0.596309,"3,6":0.600906,"3,7":0.605203,"3,8":0.609138,"3,9":0.612655,"3,10":0.615707,"3,11":0.618252,"3,12":0.620261,"3,13":0.621712,"3,14":0.622592,"3,15":0.6229,"3,16":0.622645,"3,17":0.621842,"3,18":0.62052,"3,19":0.618715,"3,20":0.61647,"3,21":0.613838,"3,22":0.610876,"3,23":0.607648,"4,0":0.569218,"4,1":0.574272,"4,2":0.579395,"4,3":0.584511,"4,4":0.589541,"4,5":0.594409,"4,6":0.599043,"4,7":0.603375,"4,8":0.607343,"4,9":0.610891,"4,10":0.61397,"4,11":0.61654,"4,12":0.618572,"4,13":0.620042,"4,14":0.620939,"4,15":0.621262,"4,16":0.621017,"4,17":0.620223,"4,18":0.618906,"4,19":0.617103,"4,20":0.614857,"4,21":0.612221,"4,22":0.609252,"4,23":0.606014,"5,0":0.567262,"5,1":0.57236,"5,2":0.577528,"5,3":0.582685,"5,4":0.587754,"5,5":0.592659,"5,6":0.597328,"5,7":0.601693,"5,8":0.605691,"5,9":0.609267,"5,10":0.612371,"5,11":0.614964,"5,12":0.617015,"5,13":0.618502,"5,14":0.619413,"5,15":0.619747,"5,16":0.61951,"5,17":0.618721,"5,18":0.617406,"5,19":0.615602,"5,20":0.613353,"5,21":0.61071,"5,22":0.607731,"6,0":0.565494,"6,1":0.570636,"6,2":0.575844,"6,3":0.581041,"6,4":0.586147,"6,5":0.591087,"6,6":0.595789,"6,7":0.600184,"6,8":0.60421,"6,9":0.607811,"6,10":0.610937,"6,11":0.61355,"6,12":0.615618,"6,13":0.617119,"6,14":0.618041,"6,15":0.618383,"6,16":0.618151,"6,17":0.617364,"6,18":0.616049,"6,19":0.614241,"6,20":0.611985,"6,21":0.609332,"6,22":0.606341,"7,0":0.56394,"7,1":0.569123,"7,2":0.574371,"7,3":0.579605,"7,4":0.584747,"7,5":0.58972,"7,6":0.594452,"7,7":0.598875,"7,8":0.602926,"7,9":0.606548,"7,10":0.609695,"7,11":0.612324,"7,12":0.614406,"7,13":0.615918,"7,14":0.616849,"7,15":0.617195,"7,16":0.616966,"7,17":0.616178,"7,18":0.614859,"7,19":0.613044,"7,20":0.610778,"7,21":0.608113,"7,22":0.605106,"8,0":0.562626,"8,1":0.567848,"8,2":0.573133,"8,3":0.578402,"8,4":0.583577,"8,5":0.58858,"8,6":0.59334,"8,7":0.597788,"8,8":0.601861,"8,9":0.605504,"8,10":0.608667,"8,11":0.61131,"8,12":0.613403,"8,13":0.614923,"8,14":0.615859,"8,15":0.616208,"8,16":0.615978,"8,17":0.615186,"8,18":0.61386,"8,19":0.612036,"8,20":0.609757,"8,21":0.607076,"8,22":0.60405,"9,0":0.561572,"9,1":0.566832,"9,2":0.572152,"9,3":0.577454,"9,4":0.582658,"9,5":0.587689,"9,6":0.592474,"9,7":0.596945,"9,8":0.601038,"9,9":0.604697,"9,10":0.607874,"9,11":0.610529,"9,12":0.61263,"9,13":0.614155,"9,14":0.615093,"9,15":0.615441,"9,16":0.615207,"9,17":0.614408,"9,18":0.613073,"9,19":0.611236,"9,20":0.608941,"9,21":0.606242,"10,0":0.560798,"10,1":0.566093,"10,2":0.571446,"10,3":0.576778,"10,4":0.58201,"10,5":0.587067,"10,6":0.591874,"10,7":0.596364,"10,8":0.600474,"10,9":0.604147,"10,10":0.607336,"10,11":0.609998,"10,12":0.612104,"10,13":0.613632,"10,14":0.614569,"10,15":0.614913,"10,16":0.614672,"10,17":0.613864,"10,18":0.612515,"10,19":0.610663,"10,20":0.60835,"10,21":0.605629,"11,0":0.560321,"11,1":0.565649,"11,2":0.571032,"11,3":0.576392,"11,4":0.581649,"11,5":0.586728,"11,6":0.591555,"11,7":0.596061,"11,8":0.600185,"11,9":0.60387,"11,10":0.607066,"11,11":0.609734,"11,12":0.611842,"11,13":0.613369,"11,14":0.614302,"11,15":0.614639,"11,16":0.614389,"11,17":0.613568,"11,18":0.612204,"11,19":0.610332,"11,20":0.607999,"12,0":0.560152,"12,1":0.56551,"12,2":0.570921,"12,3":0.576306,"12,4":0.581586,"12,5":0.586684,"12,6":0.591528,"12,7":0.596049,"12,8":0.600184,"12,9":0.603876,"12,10":0.607078,"12,11":0.609748,"12,12":0.611855,"12,13":0.613378,"12,14":0.614304,"12,15":0.614632,"12,16":0.614368,"12,17":0.613532,"12,18":0.61215,"12,19":0.610257,"12,20":0.607899,"13,0":0.560302,"13,1":0.565688,"13,2":0.571124,"13,3":0.576531,"13,4":0.58183,"13,5":0.586946,"13,6":0.591804,"13,7":0.596335,"13,8":0.600478,"13,9":0.604176,"13,10":0.60738,"13,11":0.610049,"13,12":0.612152,"13,13":0.613669,"13,14":0.614585,"13,15":0.6149,"13,16":0.614621,"13,17":0.613766,"13,18":0.612362,"13,19":0.610446,"14,0":0.560776,"14,1":0.566187,"14,2":0.571645,"14,3":0.577072,"14,4":0.582388,"14,5":0.587517,"14,6":0.592386,"14,7":0.596926,"14,8":0.601074,"14,9":0.604774,"14,10":0.607977,"14,11":0.610642,"14,12":0.612739,"14,13":0.614245,"14,14":0.615149,"14,15":0.615448,"14,16":0.615151,"14,17":0.614275,"14,18":0.612847,"14,19":0.610904,"15,0":0.561576,"15,1":0.567009,"15,2":0.572487,"15,3":0.577931,"15,4":0.583261,"15,5":0.588401,"15,6":0.593278,"15,7":0.597823,"15,8":0.601974,"15,9":0.605673,"15,10":0.608872,"15,11":0.61153,"15,12":0.613617,"15,13":0.615111,"15,14":0.615999,"15,15":0.61628,"15,16":0.615961,"15,17":0.615061,"15,18":0.613607,"16,0":0.5627,"16,1":0.568153,"16,2":0.573648,"16,3":0.579106,"16,4":0.584447,"16,5":0.589595,"16,6":0.594477,"16,7":0.599025,"16,8":0.603174,"16,9":0.606869,"16,10":0.610061,"16,11":0.61271,"16,12":0.614785,"16,13":0.616263,"16,14":0.617132,"16,15":0.617392,"16,16":0.617049,"16,17":0.616123,"17,0":0.564144,"17,1":0.569613,"17,2":0.575123,"17,3":0.580591,"17,4":0.58594,"17,5":0.591094,"17,6":0.595978,"17,7":0.600525,"17,8":0.60467,"17,9":0.608359,"17,10":0.611541,"17,11":0.614177,"17,12":0.616236,"17,13":0.617695,"17,14":0.618544,"17,15":0.61878,"17,16":0.61841,"18,0":0.565898,"18,1":0.571381,"18,2":0.576901,"18,3":0.582378,"18,4":0.587733,"18,5":0.592888,"18,6":0.597772,"18,7":0.602314,"18,8":0.606453,"18,9":0.610132,"18,10":0.613301,"18,11":0.615922,"18,12":0.617962,"18,13":0.619401,"18,14":0.620225,"18,15":0.620434,"19,0":0.567949,"19,1":0.573444,"19,2":0.578972,"19,3":0.584454,"19,4":0.589811,"19,5":0.594965,"19,6":0.599845,"19,7":0.604381,"19,8":0.60851,"19,9":0.612176,"19,10":0.61533,"19,11":0.617932,"19,12":0.619951,"19,13":0.621365,"20,0":0.570282,"20,1":0.575785,"20,2":0.581318,"20,3":0.586802,"20,4":0.592158,"20,5":0.597309,"20,6":0.602182,"20,7":0.606708,"20,8":0.610824,"20,9":0.614475,"20,10":0.61761,"20,11":0.620191,"21,0":0.572877,"21,1":0.578385,"21,2":0.583921,"21,3":0.589404,"21,4":0.594756,"21,5":0.5999,"21,6":0.604763,"21,7":0.609277,"21,8":0.613377,"21,9":0.617009,"22,0":0.575712,"22,1":0.581223,"22,2":0.586757,"22,3":0.592237,"22,4":0.597582,"22,5":0.602716,"22,6":0.607567,"22,7":0.612064,"23,0":0.578762,"23,1":0.584271,"23,2":0.589802,"23,3":0.595274,"23,4":0.60061,"23,5":0.605732,"24,0":0.581998,"24,1":0.587503}