{"48,18":0.594114,"48,19":0.593518,"49,10":0.617225,"49,11":0.613695,"49,12":0.610327,"49,13":0.607188,"49,14":0.604342,"49,15":0.601848,"49,16":0.599759,"49,17":0.598119,"49,18":0.596966,"49,19":0.596327,"49,20":0.596221,"49,21":0.596658,"49,22":0.597636,"49,23":0.599145,"49,24":0.601165,"49,25":0.603667,"49,26":0.606612,"49,27":0.609954,"50,7":0.63103,"50,8":0.627434,"50,9":0.623777,"50,10":0.620133,"50,11":0.616575,"50,12":0.613176,"50,13":0.610004,"50,14":0.607123,"50,15":0.604592,"50,16":0.602464,"50,17":0.600783,"50,18":0.599586,"50,19":0.598902,"50,20":0.598749,"50,21":0.599138,"50,22":0.600066,"50,23":0.601525,"50,24":0.603493,"50,25":0.605942,"50,26":0.608834,"50,27":0.612123,"50,28":0.615753,"50,29":0.619666,"50,30":0.623796,"51,5":0.640528,"51,6":0.637254,"51,7":0.633772,"51,8":0.630153,"51,9":0.62647,"51,10":0.622798,"51,11":0.61921,"51,12":0.615779,"51,13":0.612571,"51,14":0.609653,"51,15":0.607083,"51,16":0.604913,"51,17":0.603188,"51,18":0.601946,"51,19":0.601216,"51,20":0.601015,"51,21":0.601354,"51,22":0.602232,"51,23":0.603638,"51,24":0.605554,"51,25":0.60795,"51,26":0.610788,"51,27":0.614022,"51,28":0.617599,"51,29":0.621457,"51,30":0.625532,"51,31":0.629754,"51,32":0.634049,"52,3":0.648739,"52,4":0.646067,"52,5":0.643053,"52,6":0.639759,"52,7":0.636254,"52,8":0.63261,"52,9":0.628899,"52,10":0.625197,"52,11":0.621577,"52,12":0.61811,"52,13":0.614865,"52,14":0.611907,"52,15":0.609295,"52,16":0.607082,"52,17":0.605312,"52,18":0.604024,"52,19":0.603245,"52,20":0.602995,"52,21":0.603283,"52,22":0.604109,"52,23":0.605463,"52,24":0.607326,"52,25":0.609668,"52,26":0.612452,"52,27":0.615632,"52,28":0.619154,"52,29":0.622958,"52,30":0.626979,"52,31":0.631147,"52,32":0.635389,"52,33":0.639629,"52,34":0.643792,"53,1":0.655138,"53,2":0.653309,"53,3":0.651025,"53,4":0.648336,"53,5":0.645302,"53,6":0.641986,"53,7":0.638456,"53,8":0.634784,"53,9":0.631043,"53,10":0.627308,"53,11":0.623652,"53,12":0.620148,"53,13":0.616864,"53,14":0.613865,"53,15":0.611209,"53,16":0.608951,"53,17":0.607134,"53,18":0.605798,"53,19":0.604969,"53,20":0.604668,"53,21":0.604905,"53,22":0.605678,"53,23":0.606979,"53,24":0.608788,"53,25":0.611076,"53,26":0.613806,"53,27":0.616931,"53,28":0.620399,"53,29":0.624149,"53,30":0.628116,"53,31":0.632231,"53,32":0.636421,"53,33":0.64061,"53,34":0.644723,"53,35":0.648685,"53,36":0.652423,"54,0":0.658506,"54,1":0.657166,"54,2":0.655324,"54,3":0.653022,"54,4":0.650314,"54,5":0.647257,"54,6":0.643916,"54,7":0.640358,"54,8":0.636655,"54,9":0.632882,"54,10":0.629112,"54,11":0.625419,"54,12":0.621875,"54,13":0.618549,"54,14":0.615507,"54,15":0.612806,"54,16":0.610501,"54,17":0.608636,"54,18":0.60725,"54,19":0.606371,"54,20":0.606019,"54,21":0.606202,"54,22":0.606923,"54,23":0.60817,"54,24":0.609925,"54,25":0.612158,"54,26":0.614834,"54,27":0.617904,"54,28":0.621318,"54,29":0.625015,"54,30":0.628929,"54,31":0.632992,"54,32":0.63713,"54,33":0.641269,"54,34":0.645333,"54,35":0.649248,"54,36":0.652939,"54,37":0.656339,"55,0":0.66025,"55,1":0.658896,"55,2":0.657037,"55,3":0.654716,"55,4":0.651985,"55,5":0.648903,"55,6":0.645533,"55,7":0.641945,"55,8":0.63821,"55,9":0.634401,"55,10":0.630594,"55,11":0.626861,"55,12":0.623276,"55,13":0.619907,"55,14":0.616819,"55,15":0.614072,"55,16":0.611718,"55,17":0.609804,"55,18":0.608368,"55,19":0.607437,"55,20":0.607032,"55,21":0.607162,"55,22":0.607829,"55,23":0.609022,"55,24":0.610722,"55,25":0.612902,"55,26":0.615522,"55,27":0.618539,"55,28":0.621899,"55,29":0.625543,"55,30":0.629405,"55,31":0.633416,"55,32":0.637504,"55,33":0.641594,"55,34":0.645611,"55,35":0.649479,"55,36":0.653127,"55,37":0.656483,"55,38":0.659484,"56,0":0.661686,"56,1":0.660315,"56,2":0.658436,"56,3":0.656092,"56,4":0.653336,"56,5":0.650226,"56,6":0.646827,"56,7":0.643206,"56,8":0.639435,"56,9":0.635589,"56,10":0.631742,"56,11":0.627968,"56,12":0.624339,"56,13":0.620925,"56,14":0.617791,"56,15":0.614995,"56,16":0.612592,"56,17":0.610628,"56,18":0.609139,"56,19":0.608156,"56,20":0.607697,"56,21":0.607774,"56,22":0.608387,"56,23":0.609525,"56,24":0.611171,"56,25":0.613296,"56,26":0.615863,"56,27":0.618826,"56,28":0.622133,"56,29":0.625725,"56,30":0.629535,"56,31":0.633497,"56,32":0.637536,"56,33":0.641578,"56,34":0.645548,"56,35":0.649372,"56,36":0.652977,"56,37":0.656293,"56,38":0.659255,"56,39":0.661802,"56,40":0.663882,"57,0":0.662805,"57,1":0.661415,"57,2":0.659513,"57,3":0.657144,"57,4":0.65436,"57,5":0.65122,"57,6":0.647787,"57,7":0.644131,"57,8":0.640323,"57,9":0.636438,"57,10":0.632549,"57,11":0.628732,"57,12":0.625058,"57,13":0.621597,"57,14":0.618414,"57,15":0.61557,"57,16":0.613116,"57,17":0.6111,"57,18":0.609558,"57,19":0.608522,"57,20":0.60801,"57,21":0.608032,"57,22":0.60859,"57,23":0.609675,"57,24":0.611266,"57,25":0.613337,"57,26":0.61585,"57,27":0.61876,"57,28":0.622015,"57,29":0.625555,"57,30":0.629316,"57,31":0.633228,"57,32":0.637219,"57,33":0.641216,"57,34":0.645142,"57,35":0.648923,"57,36":0.652487,"57,37":0.655764,"57,38":0.65869,"57,39":0.661203,"57,40":0.663251,"58,0":0.663602,"58,1":0.662189,"58,2":0.660262,"58,3":0.657865,"58,4":0.655051,"58,5":0.651878,"58,6":0.64841,"58,7":0.644717,"58,8":0.640869,"58,9":0.636942,"58,10":0.63301,"58,11":0.629148,"58,12":0.625427,"58,13":0.621918,"58,14":0.618686,"58,15":0.615791,"58,16":0.613285,"58,17":0.611217,"58,18":0.609622,"58,19":0.608532,"58,20":0.607965,"58,21":0.607934,"58,22":0.608437,"58,23":0.609467,"58,24":0.611005,"58,25":0.613022,"58,26":0.615482,"58,27":0.61834,"58,28":0.621544,"58,29":0.625034,"58,30":0.628745,"58,31":0.63261,"58,32":0.636555,"58,33":0.640507,"58,34":0.64439,"58,35":0.648131,"58,36":0.651656,"58,37":0.654897,"58,38":0.657788,"58,39":0.66027,"58,40":0.662288,"58,41":0.663799,"58,62":0.591563,"58,63":0.587453,"58,64":0.583806,"59,0":0.664076,"59,1":0.662638,"59,2":0.660683,"59,3":0.658256,"59,4":0.655409,"59,5":0.6522,"59,6":0.648695,"59,7":0.644962,"59,8":0.641073,"59,9":0.637103,"59,10":0.633126,"59,11":0.629217,"59,12":0.625448,"59,13":0.62189,"59,14":0.618607,"59,15":0.61566,"59,16":0.613102,"59,17":0.61098,"59,18":0.609331,"59,19":0.608187,"59,20":0.607566,"59,21":0.60748,"59,22":0.607929,"59,23":0.608905,"59,24":0.610389,"59,25":0.612353,"59,26":0.614761,"59,27":0.617568,"59,28":0.620721,"59,29":0.624162,"59,30":0.627826,"59,31":0.631645,"59,32":0.635545,"59,33":0.639455,"59,34":0.643297,"59,35":0.646999,"59,36":0.650488,"59,37":0.653695,"59,38":0.656554,"59,39":0.659006,"59,40":0.660998,"59,41":0.662484,"59,42":0.663427,"59,54":0.631562,"59,55":0.626289,"59,56":0.620895,"59,57":0.61546,"59,58":0.610063,"59,59":0.604783,"59,60":0.599698,"59,61":0.594881,"59,62":0.590404,"59,63":0.586332,"59,64":0.582724,"60,0":0.664229,"60,1":0.662763,"60,2":0.660777,"60,3":0.658317,"60,4":0.655435,"60,5":0.65219,"60,6":0.648645,"60,7":0.644871,"60,8":0.640938,"60,9":0.636923,"60,10":0.632899,"60,11":0.628942,"60,12":0.625123,"60,13":0.621514,"60,14":0.61818,"60,15":0.61518,"60,16":0.612569,"60,17":0.610393,"60,18":0.608691,"60,19":0.607492,"60,20":0.606817,"60,21":0.606676,"60,22":0.607071,"60,23":0.607994,"60,24":0.609425,"60,25":0.611337,"60,26":0.613693,"60,27":0.61645,"60,28":0.619554,"60,29":0.622947,"60,30":0.626565,"60,31":0.630339,"60,32":0.634197,"60,33":0.638066,"60,34":0.64187,"60,35":0.645535,"60,36":0.64899,"60,37":0.652165,"60,38":0.654995,"60,39":0.65742,"60,40":0.659388,"60,41":0.660852,"60,42":0.661776,"60,45":0.661066,"60,46":0.659638,"60,47":0.657622,"60,48":0.65504,"60,49":0.65192,"60,50":0.648304,"60,51":0.644236,"60,52":0.639774,"60,53":0.634978,"60,54":0.629917,"60,55":0.624663,"60,56":0.619292,"60,57":0.613882,"60,58":0.608512,"60,59":0.603262,"60,60":0.598209,"60,61":0.593428,"60,62":0.588988,"60,63":0.584955,"60,64":0.581388,"61,0":0.664067,"61,1":0.66257,"61,2":0.660552,"61,3":0.658057,"61,4":0.655137,"61,5":0.651852,"61,6":0.648266,"61,7":0.644448,"61,8":0.640471,"61,9":0.636409,"61,10":0.632337,"61,11":0.62833,"61,12":0.624461,"61,13":0.6208,"61,14":0.617413,"61,15":0.61436,"61,16":0.611695,"61,17":0.609465,