{
  "defs": [
    {
      "id": 1,
      "name": "Graveyard",
      "fogColor": [
        0.050980392156862744,
        0.0196078431372549,
        0.10196078431372549
      ],
      "fogStart": 18,
      "fogEnd": 28
    }
  ],
  "cells": {
    "248,124": 1,
    "249,124": 1,
    "250,124": 1,
    "251,124": 1,
    "252,124": 1,
    "253,124": 1,
    "254,124": 1,
    "255,124": 1,
    "256,124": 1,
    "257,124": 1,
    "258,124": 1,
    "259,124": 1,
    "260,124": 1,
    "261,124": 1,
    "262,124": 1,
    "263,124": 1,
    "264,124": 1,
    "265,124": 1,
    "266,124": 1,
    "267,124": 1,
    "268,124": 1,
    "269,124": 1,
    "270,124": 1,
    "271,124": 1,
    "272,124": 1,
    "273,124": 1,
    "274,124": 1,
    "275,124": 1,
    "276,124": 1,
    "277,124": 1,
    "248,125": 1,
    "249,125": 1,
    "250,125": 1,
    "251,125": 1,
    "252,125": 1,
    "253,125": 1,
    "254,125": 1,
    "255,125": 1,
    "256,125": 1,
    "257,125": 1,
    "258,125": 1,
    "259,125": 1,
    "260,125": 1,
    "261,125": 1,
    "262,125": 1,
    "263,125": 1,
    "264,125": 1,
    "265,125": 1,
    "266,125": 1,
    "267,125": 1,
    "268,125": 1,
    "269,125": 1,
    "270,125": 1,
    "271,125": 1,
    "272,125": 1,
    "273,125": 1,
    "274,125": 1,
    "275,125": 1,
    "276,125": 1,
    "277,125": 1,
    "248,126": 1,
    "249,126": 1,
    "250,126": 1,
    "251,126": 1,
    "252,126": 1,
    "253,126": 1,
    "254,126": 1,
    "255,126": 1,
    "256,126": 1,
    "257,126": 1,
    "258,126": 1,
    "259,126": 1,
    "260,126": 1,
    "261,126": 1,
    "262,126": 1,
    "263,126": 1,
    "264,126": 1,
    "265,126": 1,
    "266,126": 1,
    "267,126": 1,
    "268,126": 1,
    "269,126": 1,
    "270,126": 1,
    "271,126": 1,
    "272,126": 1,
    "273,126": 1,
    "274,126": 1,
    "275,126": 1,
    "276,126": 1,
    "277,126": 1,
    "248,127": 1,
    "249,127": 1,
    "250,127": 1,
    "251,127": 1,
    "252,127": 1,
    "253,127": 1,
    "254,127": 1,
    "255,127": 1,
    "256,127": 1,
    "257,127": 1,
    "258,127": 1,
    "259,127": 1,
    "260,127": 1,
    "261,127": 1,
    "262,127": 1,
    "263,127": 1,
    "264,127": 1,
    "265,127": 1,
    "266,127": 1,
    "267,127": 1,
    "268,127": 1,
    "269,127": 1,
    "270,127": 1,
    "271,127": 1,
    "272,127": 1,
    "273,127": 1,
    "274,127": 1,
    "275,127": 1,
    "276,127": 1,
    "277,127": 1,
    "248,128": 1,
    "249,128": 1,
    "250,128": 1,
    "251,128": 1,
    "252,128": 1,
    "253,128": 1,
    "254,128": 1,
    "255,128": 1,
    "256,128": 1,
    "257,128": 1,
    "258,128": 1,
    "259,128": 1,
    "260,128": 1,
    "261,128": 1,
    "262,128": 1,
    "263,128": 1,
    "264,128": 1,
    "265,128": 1,
    "266,128": 1,
    "267,128": 1,
    "268,128": 1,
    "269,128": 1,
    "270,128": 1,
    "271,128": 1,
    "272,128": 1,
    "273,128": 1,
    "274,128": 1,
    "275,128": 1,
    "276,128": 1,
    "277,128": 1,
    "248,129": 1,
    "249,129": 1,
    "250,129": 1,
    "251,129": 1,
    "252,129": 1,
    "253,129": 1,
    "254,129": 1,
    "255,129": 1,
    "256,129": 1,
    "257,129": 1,
    "258,129": 1,
    "259,129": 1,
    "260,129": 1,
    "261,129": 1,
    "262,129": 1,
    "263,129": 1,
    "264,129": 1,
    "265,129": 1,
    "266,129": 1,
    "267,129": 1,
    "268,129": 1,
    "269,129": 1,
    "270,129": 1,
    "271,129": 1,
    "272,129": 1,
    "273,129": 1,
    "274,129": 1,
    "275,129": 1,
    "276,129": 1,
    "277,129": 1,
    "248,130": 1,
    "249,130": 1,
    "250,130": 1,
    "251,130": 1,
    "252,130": 1,
    "253,130": 1,
    "254,130": 1,
    "255,130": 1,
    "256,130": 1,
    "257,130": 1,
    "258,130": 1,
    "259,130": 1,
    "260,130": 1,
    "261,130": 1,
    "262,130": 1,
    "263,130": 1,
    "264,130": 1,
    "265,130": 1,
    "266,130": 1,
    "267,130": 1,
    "268,130": 1,
    "269,130": 1,
    "270,130": 1,
    "271,130": 1,
    "272,130": 1,
    "273,130": 1,
    "274,130": 1,
    "275,130": 1,
    "276,130": 1,
    "277,130": 1,
    "248,131": 1,
    "249,131": 1,
    "250,131": 1,
    "251,131": 1,
    "252,131": 1,
    "253,131": 1,
    "254,131": 1,
    "255,131": 1,
    "256,131": 1,
    "257,131": 1,
    "258,131": 1,
    "259,131": 1,
    "260,131": 1,
    "261,131": 1,
    "262,131": 1,
    "263,131": 1,
    "264,131": 1,
    "265,131": 1,
    "266,131": 1,
    "267,131": 1,
    "268,131": 1,
    "269,131": 1,
    "270,131": 1,
    "271,131": 1,
    "272,131": 1,
    "273,131": 1,
    "274,131": 1,
    "275,131": 1,
    "276,131": 1,
    "248,132": 1,
    "249,132": 1,
    "250,132": 1,
    "251,132": 1,
    "252,132": 1,
    "253,132": 1,
    "254,132": 1,
    "255,132": 1,
    "256,132": 1,
    "257,132": 1,
    "258,132": 1,
    "259,132": 1,
    "260,132": 1,
    "261,132": 1,
    "262,132": 1,
    "263,132": 1,
    "264,132": 1,
    "265,132": 1,
    "266,132": 1,
    "267,132": 1,
    "268,132": 1,
    "269,132": 1,
    "270,132": 1,
    "271,132": 1,
    "272,132": 1,
    "273,132": 1,
    "274,132": 1,
    "275,132": 1,
    "276,132": 1,
    "248,133": 1,
    "249,133": 1,
    "250,133": 1,
    "251,133": 1,
    "252,133": 1,
    "253,133": 1,
    "254,133": 1,
    "255,133": 1,
    "256,133": 1,
    "257,133": 1,
    "258,133": 1,
    "259,133": 1,
    "260,133": 1,
    "261,133": 1,
    "262,133": 1,
    "263,133": 1,
    "264,133": 1,
    "265,133": 1,
    "266,133": 1,
    "267,133": 1,
    "268,133": 1,
    "269,133": 1,
    "270,133": 1,
    "271,133": 1,
    "272,133": 1,
    "273,133": 1,
    "274,133": 1,
    "275,133": 1,
    "276,133": 1,
    "248,134": 1,
    "249,134": 1,
    "250,134": 1,
    "251,134": 1,
    "252,134": 1,
    "253,134": 1,
    "254,134": 1,
    "255,134": 1,
    "256,134": 1,
    "257,134": 1,
    "258,134": 1,
    "259,134": 1,
    "260,134": 1,
    "261,134": 1,
    "262,134": 1,
    "263,134": 1,
    "264,134": 1,
    "265,134": 1,
    "266,134": 1,
    "267,134": 1,
    "268,134": 1,
    "269,134": 1,
    "270,134": 1,
    "271,134": 1,
    "272,134": 1,
    "273,134": 1,
    "274,134": 1,
    "275,134": 1,
    "276,134": 1,
    "248,135": 1,
    "249,135": 1,
    "250,135": 1,
    "251,135": 1,
    "252,135": 1,
    "253,135": 1,
    "254,135": 1,
    "255,135": 1,
    "256,135": 1,
    "257,135": 1,
    "258,135": 1,
    "259,135": 1,
    "260,135": 1,
    "261,135": 1,
    "262,135": 1,
    "263,135": 1,
    "264,135": 1,
    "265,135": 1,
    "266,135": 1,
    "267,135": 1,
    "268,135": 1,
    "269,135": 1,
    "270,135": 1,
    "271,135": 1,
    "272,135": 1,
    "273,135": 1,
    "274,135": 1,
    "275,135": 1,
    "276,135": 1,
    "248,136": 1,
    "249,136": 1,
    "250,136": 1,
    "251,136": 1,
    "252,136": 1,
    "253,136": 1,
    "254,136": 1,
    "255,136": 1,
    "256,136": 1,
    "257,136": 1,
    "258,136": 1,
    "259,136": 1,
    "260,136": 1,
    "261,136": 1,
    "262,136": 1,
    "263,136": 1,
    "264,136": 1,
    "265,136": 1,
    "266,136": 1,
    "267,136": 1,
    "268,136": 1,
    "269,136": 1,
    "270,136": 1,
    "271,136": 1,
    "272,136": 1,
    "273,136": 1,
    "274,136": 1,
    "275,136": 1,
    "276,136": 1,
    "248,137": 1,
    "249,137": 1,
    "250,137": 1,
    "251,137": 1,
    "252,137": 1,
    "253,137": 1,
    "254,137": 1,
    "255,137": 1,
    "256,137": 1,
    "257,137": 1,
    "258,137": 1,
    "259,137": 1,
    "260,137": 1,
    "261,137": 1,
    "262,137": 1,
    "263,137": 1,
    "264,137": 1,
    "265,137": 1,
    "266,137": 1,
    "267,137": 1,
    "268,137": 1,
    "269,137": 1,
    "270,137": 1,
    "271,137": 1,
    "272,137": 1,
    "273,137": 1,
    "274,137": 1,
    "275,137": 1,
    "276,137": 1,
    "248,138": 1,
    "249,138": 1,
    "250,138": 1,
    "251,138": 1,
    "252,138": 1,
    "253,138": 1,
    "254,138": 1,
    "255,138": 1,
    "256,138": 1,
    "257,138": 1,
    "258,138": 1,
    "259,138": 1,
    "260,138": 1,
    "261,138": 1,
    "262,138": 1,
    "263,138": 1,
    "264,138": 1,
    "265,138": 1,