{
  "defs": [
    {
      "id": 1,
      "name": "Graveyard",
      "fogColor": [
        0.050980392156862744,
        0.0196078431372549,
        0.10196078431372549
      ],
      "fogStart": 18,
      "fogEnd": 28
    }
  ],
  "cells": {
    "312,124": 1,
    "313,124": 1,
    "314,124": 1,
    "315,124": 1,
    "316,124": 1,
    "317,124": 1,
    "318,124": 1,
    "319,124": 1,
    "320,124": 1,
    "321,124": 1,
    "322,124": 1,
    "323,124": 1,
    "324,124": 1,
    "325,124": 1,
    "326,124": 1,
    "327,124": 1,
    "328,124": 1,
    "329,124": 1,
    "330,124": 1,
    "331,124": 1,
    "332,124": 1,
    "333,124": 1,
    "334,124": 1,
    "335,124": 1,
    "336,124": 1,
    "337,124": 1,
    "338,124": 1,
    "339,124": 1,
    "340,124": 1,
    "341,124": 1,
    "312,125": 1,
    "313,125": 1,
    "314,125": 1,
    "315,125": 1,
    "316,125": 1,
    "317,125": 1,
    "318,125": 1,
    "319,125": 1,
    "320,125": 1,
    "321,125": 1,
    "322,125": 1,
    "323,125": 1,
    "324,125": 1,
    "325,125": 1,
    "326,125": 1,
    "327,125": 1,
    "328,125": 1,
    "329,125": 1,
    "330,125": 1,
    "331,125": 1,
    "332,125": 1,
    "333,125": 1,
    "334,125": 1,
    "335,125": 1,
    "336,125": 1,
    "337,125": 1,
    "338,125": 1,
    "339,125": 1,
    "340,125": 1,
    "341,125": 1,
    "312,126": 1,
    "313,126": 1,
    "314,126": 1,
    "315,126": 1,
    "316,126": 1,
    "317,126": 1,
    "318,126": 1,
    "319,126": 1,
    "320,126": 1,
    "321,126": 1,
    "322,126": 1,
    "323,126": 1,
    "324,126": 1,
    "325,126": 1,
    "326,126": 1,
    "327,126": 1,
    "328,126": 1,
    "329,126": 1,
    "330,126": 1,
    "331,126": 1,
    "332,126": 1,
    "333,126": 1,
    "334,126": 1,
    "335,126": 1,
    "336,126": 1,
    "337,126": 1,
    "338,126": 1,
    "339,126": 1,
    "340,126": 1,
    "341,126": 1,
    "312,127": 1,
    "313,127": 1,
    "314,127": 1,
    "315,127": 1,
    "316,127": 1,
    "317,127": 1,
    "318,127": 1,
    "319,127": 1,
    "320,127": 1,
    "321,127": 1,
    "322,127": 1,
    "323,127": 1,
    "324,127": 1,
    "325,127": 1,
    "326,127": 1,
    "327,127": 1,
    "328,127": 1,
    "329,127": 1,
    "330,127": 1,
    "331,127": 1,
    "332,127": 1,
    "333,127": 1,
    "334,127": 1,
    "335,127": 1,
    "336,127": 1,
    "337,127": 1,
    "338,127": 1,
    "339,127": 1,
    "340,127": 1,
    "341,127": 1,
    "312,128": 1,
    "313,128": 1,
    "314,128": 1,
    "315,128": 1,
    "316,128": 1,
    "317,128": 1,
    "318,128": 1,
    "319,128": 1,
    "320,128": 1,
    "321,128": 1,
    "322,128": 1,
    "323,128": 1,
    "324,128": 1,
    "325,128": 1,
    "326,128": 1,
    "327,128": 1,
    "328,128": 1,
    "329,128": 1,
    "330,128": 1,
    "331,128": 1,
    "332,128": 1,
    "333,128": 1,
    "334,128": 1,
    "335,128": 1,
    "336,128": 1,
    "337,128": 1,
    "338,128": 1,
    "339,128": 1,
    "340,128": 1,
    "341,128": 1,
    "312,129": 1,
    "313,129": 1,
    "314,129": 1,
    "315,129": 1,
    "316,129": 1,
    "317,129": 1,
    "318,129": 1,
    "319,129": 1,
    "320,129": 1,
    "321,129": 1,
    "322,129": 1,
    "323,129": 1,
    "324,129": 1,
    "325,129": 1,
    "326,129": 1,
    "327,129": 1,
    "328,129": 1,
    "329,129": 1,
    "330,129": 1,
    "331,129": 1,
    "332,129": 1,
    "333,129": 1,
    "334,129": 1,
    "335,129": 1,
    "336,129": 1,
    "337,129": 1,
    "338,129": 1,
    "339,129": 1,
    "340,129": 1,
    "341,129": 1,
    "312,130": 1,
    "313,130": 1,
    "314,130": 1,
    "315,130": 1,
    "316,130": 1,
    "317,130": 1,
    "318,130": 1,
    "319,130": 1,
    "320,130": 1,
    "321,130": 1,
    "322,130": 1,
    "323,130": 1,
    "324,130": 1,
    "325,130": 1,
    "326,130": 1,
    "327,130": 1,
    "328,130": 1,
    "329,130": 1,
    "330,130": 1,
    "331,130": 1,
    "332,130": 1,
    "333,130": 1,
    "334,130": 1,
    "335,130": 1,
    "336,130": 1,
    "337,130": 1,
    "338,130": 1,
    "339,130": 1,
    "340,130": 1,
    "341,130": 1,
    "312,131": 1,
    "313,131": 1,
    "314,131": 1,
    "315,131": 1,
    "316,131": 1,
    "317,131": 1,
    "318,131": 1,
    "319,131": 1,
    "320,131": 1,
    "321,131": 1,
    "322,131": 1,
    "323,131": 1,
    "324,131": 1,
    "325,131": 1,
    "326,131": 1,
    "327,131": 1,
    "328,131": 1,
    "329,131": 1,
    "330,131": 1,
    "331,131": 1,
    "332,131": 1,
    "333,131": 1,
    "334,131": 1,
    "335,131": 1,
    "336,131": 1,
    "337,131": 1,
    "338,131": 1,
    "339,131": 1,
    "340,131": 1,
    "312,132": 1,
    "313,132": 1,
    "314,132": 1,
    "315,132": 1,
    "316,132": 1,
    "317,132": 1,
    "318,132": 1,
    "319,132": 1,
    "320,132": 1,
    "321,132": 1,
    "322,132": 1,
    "323,132": 1,
    "324,132": 1,
    "325,132": 1,
    "326,132": 1,
    "327,132": 1,
    "328,132": 1,
    "329,132": 1,
    "330,132": 1,
    "331,132": 1,
    "332,132": 1,
    "333,132": 1,
    "334,132": 1,
    "335,132": 1,
    "336,132": 1,
    "337,132": 1,
    "338,132": 1,
    "339,132": 1,
    "340,132": 1,
    "312,133": 1,
    "313,133": 1,
    "314,133": 1,
    "315,133": 1,
    "316,133": 1,
    "317,133": 1,
    "318,133": 1,
    "319,133": 1,
    "320,133": 1,
    "321,133": 1,
    "322,133": 1,
    "323,133": 1,
    "324,133": 1,
    "325,133": 1,
    "326,133": 1,
    "327,133": 1,
    "328,133": 1,
    "329,133": 1,
    "330,133": 1,
    "331,133": 1,
    "332,133": 1,
    "333,133": 1,
    "334,133": 1,
    "335,133": 1,
    "336,133": 1,
    "337,133": 1,
    "338,133": 1,
    "339,133": 1,
    "340,133": 1,
    "312,134": 1,
    "313,134": 1,
    "314,134": 1,
    "315,134": 1,
    "316,134": 1,
    "317,134": 1,
    "318,134": 1,
    "319,134": 1,
    "320,134": 1,
    "321,134": 1,
    "322,134": 1,
    "323,134": 1,
    "324,134": 1,
    "325,134": 1,
    "326,134": 1,
    "327,134": 1,
    "328,134": 1,
    "329,134": 1,
    "330,134": 1,
    "331,134": 1,
    "332,134": 1,
    "333,134": 1,
    "334,134": 1,
    "335,134": 1,
    "336,134": 1,
    "337,134": 1,
    "338,134": 1,
    "339,134": 1,
    "340,134": 1,
    "312,135": 1,
    "313,135": 1,
    "314,135": 1,
    "315,135": 1,
    "316,135": 1,
    "317,135": 1,
    "318,135": 1,
    "319,135": 1,
    "320,135": 1,
    "321,135": 1,
    "322,135": 1,
    "323,135": 1,
    "324,135": 1,
    "325,135": 1,
    "326,135": 1,
    "327,135": 1,
    "328,135": 1,
    "329,135": 1,
    "330,135": 1,
    "331,135": 1,
    "332,135": 1,
    "333,135": 1,
    "334,135": 1,
    "335,135": 1,
    "336,135": 1,
    "337,135": 1,
    "338,135": 1,
    "339,135": 1,
    "340,135": 1,
    "312,136": 1,
    "313,136": 1,
    "314,136": 1,
    "315,136": 1,
    "316,136": 1,
    "317,136": 1,
    "318,136": 1,
    "319,136": 1,
    "320,136": 1,
    "321,136": 1,
    "322,136": 1,
    "323,136": 1,
    "324,136": 1,
    "325,136": 1,
    "326,136": 1,
    "327,136": 1,
    "328,136": 1,
    "329,136": 1,
    "330,136": 1,
    "331,136": 1,
    "332,136": 1,
    "333,136": 1,
    "334,136": 1,
    "335,136": 1,
    "336,136": 1,
    "337,136": 1,
    "338,136": 1,
    "339,136": 1,
    "340,136": 1,
    "312,137": 1,
    "313,137": 1,
    "314,137": 1,
    "315,137": 1,
    "316,137": 1,
    "317,137": 1,
    "318,137": 1,
    "319,137": 1,
    "320,137": 1,
    "321,137": 1,
    "322,137": 1,
    "323,137": 1,
    "324,137": 1,
    "325,137": 1,
    "326,137": 1,
    "327,137": 1,
    "328,137": 1,
    "329,137": 1,
    "330,137": 1,
    "331,137": 1,
    "332,137": 1,
    "333,137": 1,
    "334,137": 1,
    "335,137": 1,
    "336,137": 1,
    "337,137": 1,
    "338,137": 1,
    "339,137": 1,
    "340,137": 1,
    "312,138": 1,
    "313,138": 1,
    "314,138": 1,
    "315,138": 1,
    "316,138": 1,
    "317,138": 1,
    "318,138": 1,
    "319,138": 1,
    "320,138": 1,
    "321,138": 1,
    "322,138": 1,
    "323,138": 1,
    "324,138": 1,
    "325,138": 1,
    "326,138": 1,
    "327,138": 1,
    "328,138": 1,
    "329,138": 1,