{"61,40":-0.03919830986829189,"61,41":-0.09489781434127662,"61,42":-0.14765584527490708,"61,43":-0.14765584527490708,"61,44":-0.09489781434127662,"61,45":-0.03919830986829189,"62,39":-0.03919830986829189,"62,40":-0.14765584527490708,"62,41":-0.39666823748466334,"62,42":-0.6511016077472644,"62,43":-0.7038596386808949,"62,44":-0.5051257728912786,"62,45":-0.2425536596161838,"62,46":-0.07839661973658377,"63,39":-0.09489781434127662,"63,40":-0.3996834920899166,"63,41":-1.041485354848487,"63,42":-1.7664779174413836,"63,43":-1.9936199537337231,"63,44":-1.5084335143523615,"63,45":-0.7690539329448371,"63,46":-0.26366044185295634,"63,47":-0.03919830986829189,"64,39":-0.1506710998801603,"64,40":-0.6835665319282606,"64,41":-1.8140408873448581,"64,42":-3.2031517059159267,"64,43":-3.795348688414775,"64,44":-3.0314522285273724,"64,45":-1.632768469865065,"64,46":-0.5906632757113499,"64,47":-0.11600459657804917,"64,64":0.028462382256965554}