{"34,6":-0.0030152546052532223,"34,7":-0.007299831872405895,"34,8":-0.01135814194422362,"34,9":-0.01135814194422362,"34,10":-0.007299831872405895,"34,11":-0.0030152546052532223,"35,3":-0.0030152546052532223,"35,4":-0.010315086477659116,"35,5":-0.027703737632389182,"35,6":-0.05470459878798909,"35,7":-0.08347160818960943,"35,8":-0.09853256143962955,"35,9":-0.08914661863409465,"35,10":-0.06574277804510412,"35,11":-0.06248103994184931,"35,12":-0.07358883979995355,"35,13":-0.0827485154101535,"35,14":-0.07012105080403043,"35,15":-0.0395144139672827,"35,16":-0.015076273026266112,"36,2":-0.0030152546052532223,"36,3":-0.020403905759983285,"36,4":-0.059486001639262744,"36,5":-0.13507601199511013,"36,6":-0.23714086992678055,"36,7":-0.34869523540468034,"36,8":-0.42368837953655025,"36,9":-0.41057221040155933,"36,10":-0.354822664635793,"36,11":-0.3331995101171797,"36,12":-0.3609913116812283,"36,13":-0.3764982346602107,"36,14":-0.3125863289356956,"36,15":-0.1840764123429581,"36,16":-0.0718669827473842,"36,17":-0.015076273026266112,"37,0":-0.07961934901046,"37,1":-0.13085615880252596,"37,2":-0.1940160003303802,"37,3":-0.28177218578714236,"37,4":-0.42455924525659705,"37,5":-0.649962583550311,"37,6":-0.933649778845434,"37,7":-1.2159684976274006,"37,8":-1.3846362514453838,"37,9":-1.3286756898966074,"37,10":-1.1594913442831591,"37,11":-1.0552269443639188,"37,12":-1.0820621105789732,"37,13":-1.0911941112344292,"37,14":-0.8887339936294434,"37,15":-0.5158883166703944,"37,16":-0.1992665971636645,"37,17":-0.04856017778304237,"38,0":-0.7083550439007918,"38,1":-0.8163860191508943,"38,2":-0.9166268713004745,"38,3":-1.0619217555084475,"38,4":-1.3631358852803581,"38,5":-1.7844689751521297,"38,6":-2.2913985176460816,"38,7":-2.814771172057644,"38,8":-3.1209906086748402,"38,9":-2.995481091399447,"38,10":-2.6303843285555093,"38,11":-2.3383824226295995,"38,12":-2.260772001133608,"38,13":-2.1788290831739214,"38,14":-1.7583086979694518,"38,15":-1.0355611477910303,"38,16":-0.421966338516018,"38,17":-0.11845496139173785,"38,18":-0.007299831872405895,"38,19":-0.0030152546052532223,"39,0":-2.305663370939576,"39,1":-2.415519985212827,"39,2":-2.466802225581051,"39,3":-2.628763120733664,"39,4":-3.006410738570275,"39,5":-3.560193084114492,"39,6":-4.216434166846634,"39,7":-4.926215664809007,"39,8":-5.303745771346576,"39,9":-5.032800928140649,"39,10":-4.397163400622727,"39,11":-3.829408059505644,"39,12":-3.5368169103945926,"39,13":-3.3099017818957392,"39,14":-2.696353290954251,"39,15":-1.6958012849878694,"39,16":-0.8240750011544963,"39,17":-0.35176556141403226,"39,18":-0.12926687345351792,"39,19":-0.0526184878548601,"39,20":-0.009045763815759666,"39,21":0.01459966374481179,"39,22":0.02271628388844724,"39,23":0.02271628388844724,"39,24":0.01459966374481179,"39,25":0.006030509210506445,"40,0":-5.014981873605281,"40,1":-4.814509506588191,"40,2":-4.468390044745521,"40,3":-4.345622534882902,"40,4":-4.552171564220496,"40,5":-5.003822531915795,"40,6":-5.591464226240465,"40,7":-6.286405176409309,"40,8":-6.604156727120034,"40,9":-6.201150990638111,"40,10":-5.426334041101691,"40,11":-4.764344542506366,"40,12":-4.406630364916783,"40,13":-4.161972033687326,"40,14":-3.5827707741243606,"40,15":-2.591197298076961,"40,16":-1.6523848820461613,"40,17":-1.0125211151098046,"40,18":-0.5951526441144572,"40,19":-0.36848020267246845,"40,20":-0.2538219646567515,"40,21":-0.19037134843744477,"40,22":-0.12164009675146153,"40,23":-0.06081515184931008,"40,24":-0.022085330207219343,"40,25":-0.008228975544530106,"40,26":-0.0030152546052532214,"41,0":-7.365390606385257,"41,1":-6.476320624736505,"41,2":-5.470675950787817,"41,3":-4.8429830804580405,"41,4":-4.649873138670123,"41,5":-4.794103921186038,"41,6":-5.123222331665757,"41,7":-5.605230768754435,"41,8":-5.796563942144952,"41,9":-5.459743669439171,"41,10":-4.952808039005813,"41,11":-4.666155092685104,"41,12":-4.651609108218517,"41,13":-4.729059378379417,"41,14":-4.5418824173088215,"41,15":-3.942372829182968,"41,16":-3.1910496758338085,"41,17":-2.4388953334154375,"41,18":-1.7195013906078982,"41,19":-1.2186535269519825,"41,20":-0.9934465930727404,"41,21":-0.853245028301522,"41,22":-0.6330679530287195,"41,23":-0.3863319658493113,"41,24":-0.2060233113355172,"41,25":-0.0929939812868234,"41,26":-0.03153578050887196,"41,27":-0.009045763815759666,"42,0":-7.291002534511381,"42,1":-5.886208936871633,"42,2":-4.534905844147761,"42,3":-3.642073250247647,"42,4":-3.1796143063622875,"42,5":-3.0688979041465814,"42,6":-3.1487509163504916,"42,7":-3.3784921260768623,"42,8":-3.482705737025372,"42,9":-3.3891693942130057,"42,10":-3.3805134658457647,"42,11":-3.6961166244575914,"42,12":-4.263678420126329,"42,13":-4.910384692279288,"42,14":-5.367270886125513,"42,15":-5.443907747352382,"42,16":-5.144653602731408,"42,17":-4.424285222987579,"42,18":-3.477511639539248,"42,19":-2.7912293932045085,"42,20":-2.5879776251686684,"42,21":-2.415407612016084,"42,22":-1.938085350487906,"42,23":-1.295614403874385,"42,24":-0.7259777246457026,"42,25":-0.32937088417485216,"42,26":-0.10636475497506906,"42,27":-0.027930004827724127,"43,0":-4.872258713694054,"43,1":-3.6013850182808764,"43,2":-2.538475444618508,"43,3":-1.8522178872225612,"43,4":-1.4550706406866352,"43,5":-1.2968029561923011,"43,6":-1.2669974912137048,"43,7":-1.3382183161076568,"43,8":-1.4044483471247924,"43,9":-1.4826207367398851,"43,10":-1.765232741784556,"43,11":-2.3944815610405543,"43,12":-3.314183602027794,"43,13":-4.407438249474717,"43,14":-5.460911136603212,"43,15":-6.24875081159117,"43,16":-6.528009927864064,"43,17":-6.065229359675315,"43,18":-5.138985381655984,"43,19":-4.554465223859883,"43,20":-4.570621869612153,"43,21":-4.486880193674548,"43,22":-3.790585170268571,"43,23":-2.6772397805349137,"43,24":-1.566269333384514,"43,25":-0.7191961125833285,"43,26":-0.24780333411520772,"43,27":-0.05876290885980682,"43,28":-0.0030152546052532223,"44,0":-2.2037162854874772,"44,1":-1.4728594873794405,"44,2":-0.9510465892277918,"44,3":-0.6316797725010507,"44,4":-0.43587042547944155,"44,5":-0.34983120054882816,"44,6":-0.32625383719570034,"44,7":-0.33344131366721164,"44,8":-0.360103552226582,"44,9":-0.4449478667859963,"44,10":-0.7036302554413677,"44,11":-1.2472727909913108,"44,12":-2.1078498742718113,"44,13":-3.26670246327823,"44,14":-4.532537358561147,"44,15":-5.695804067681796,"44,16":-6.407701278412462,"44,17":-6.329385092942691,"44,18":-5.74282854169502,"44,19":-5.548924056675978,"44,20":-5.924255956942608,"44,21":-6.044376275083908,"44,22":-5.353811060082296,"44,23":-4.008624654830746,"44,24":-2.493327020411881,"44,25":-1.239605730871813,"44,26":-0.4870621734987012,"44,27":-0.13887908345438776,"44,28":-0.022376104898672006,"45,0":-0.6695518440440027,"45,1":-0.3779431813784362,"45,2":-0.20401498270904855,"45,3":-0.09294969009337234,"45,4":-0.044049333320554745,"45,5":-0.01333034108291234,"45,6":-0.0030152546052532223,"45,8":-0.015076273026266112,"45,9":-0.06572256174243749,"45,10":-0.20682188422706133,"45,11":-0.5184652012712226,"45,12":-1.0715364499722668,"45,13":-1.9210074551286938,"45,14":-2.96015207109059,"45,15":-4.054499567711501,"45,16":-4.901241350336127,"45,17":-5.153457567211362,"45,18":-5.045373653048783,"45,19":-5.320412859838736,"45,20":-6.014191100200727,"45,21":-6.4230763956242685,"45,22":-6.048305925468884,"45,23":-4.922899701519602,"45,24":-3.4232572936622656,"45,25":-2.0212739645719267,"45,26":-1.0274843631302293,"45,27":-0.4265451315819067,"45,28":-0.14407258809099802,"45,29":-0.030152546052532217,"46,0":-0.07442814656842191,"46,1":-0.01206101842101289,"46,9":-0.006030509210506445,"46,10":-0.05030610972639614,"46,11":-0.17263354659995017,"46,12":-0.41964772465123934,"46,13":-0.8716824406574971,"46,14":-1.4889230952397516,"46,15":-2.259570758341677,"46,16":-2.9845076731237663,"46,17":-3.4376029933065015,"46,18":-3.754894193963631,"46,19":-4.366848887009508,"46,20":-5.2455269926646695,"46,21":-5.910718344972724,"46,22":-6.028037593058807,"46,23":-5.465257385202352,"46,24":-4.430423425492699,"46,25":-3.2513402042193507,