{"0,35":-0.17708693526479588,"0,36":-0.3492143970075214,"0,37":-0.5676467731908679,"0,38":-0.9141522132823429,"0,39":-1.4023147853749491,"0,40":-2.225846786334696,"0,41":-3.26773302126009,"0,42":-4.18290838631927,"0,43":-4.725848203594612,"0,44":-4.926692840864572,"0,45":-4.7718293394802505,"0,46":-4.4508758768118994,"0,47":-4.209388275393853,"0,48":-4.03560580928791,"0,49":-4.18347336721305,"0,50":-4.615142349927136,"0,51":-5.142880886781628,"0,52":-5.860475703989285,"0,53":-6.469914739791766,"0,54":-6.874478858213993,"0,55":-7.064038962039218,"0,56":-6.94753205085062,"0,57":-6.623036640902587,"0,58":-6.170466849650948,"0,59":-5.6450507369937934,"0,60":-5.038767697108627,"0,61":-4.428800706387952,"0,62":-3.7534027372701786,"0,63":-2.998382067391736,"0,64":-2.346762295205165,"3,0":0.05109882310684127,"3,1":0.021106782236772554,"4,0":0.2316821170463381,"4,1":0.07950699360956534,"4,2":0.021106782236772554,"5,0":0.7769497970792454,"5,1":0.3149955222480562,"5,2":0.08426662376462668,"6,0":1.6971502920617179,"6,1":0.7335038648209921,"6,2":0.21952282802229137,"6,3":0.03316780065778544,"7,0":2.795949875748329,"7,1":1.2933864686561682,"7,2":0.4184807071085244,"7,3":0.08029815059646483,"8,0":3.4590641772908013,"8,1":1.6971716481152541,"8,2":0.5785235118637951,"8,3":0.12493956138645981,"9,0":3.156844127640381,"9,1":1.5811539486571895,"9,2":0.5485314709937263,"9,3":0.12493956138645981,"10,0":2.168270879094296,"10,1":1.0409792247836829,"10,2":0.3389737134989592,"10,3":0.08029815059646483,"11,0":1.3372527140223618,"11,1":0.5251249921653689,"11,2":0.14001583441272594,"11,3":0.03316780065778544,"12,0":1.0123868030447354,"12,1":0.29204298107135035,"12,2":0.03919830986829189,"13,0":0.983013247640365,"13,1":0.23754087646470368,"13,2":0.023645427560571454,"14,0":1.0816745579488705,"14,1":0.2938176678534583,"14,2":0.05470459878798909,"14,3":0.0030152546052532223,"15,0":1.1707145686546885,"15,1":0.3750004188044839,"15,2":0.09054517286668037,"15,3":0.007299831872405895,"16,0":1.2256265673438052,"16,1":0.4312789861004088,"16,2":0.11313222518444134,"16,3":0.01135814194422362,"17,0":1.1528275508827437,"17,1":0.4166519073319377,"17,2":0.11081984705597739,"17,3":0.01135814194422362,"18,0":0.9797361189780018,"18,1":0.3425676905695252,"18,2":0.08544380732829814,"18,3":0.007299831872405895,"19,0":0.7809347765446487,"19,1":0.24732672483375343,"19,2":0.058762908859806826,"19,3":0.0030152546052532223,"20,0":0.6051370785318234,"20,1":0.1581598898969921,"20,2":0.03604662497135958,"21,0":0.43024723773709445,"21,1":0.08072691197314223,"21,2":0.017614918350065012,"22,0":0.29249195875069445,"22,1":0.0390618795766128,"22,2":0.006030509210506445,"23,0":0.2242089789882457,"23,1":0.03269119137633112,"24,0":0.23958967834692357,"24,1":0.05064628871617136,"25,0":0.29465144789852205,"25,1":0.07139037346592988,"26,0":0.3268660299933988,"26,1":0.08345139188694277,"27,0":0.33380127580275176,"27,1":0.09805105563175456,"27,2":0.009045763815759666,"28,0":0.3986240742740436,"28,1":0.13209629346876953,"28,2":0.021899495617217685,"29,0":0.4811743999156972,"29,1":0.16845965659840523,"29,2":0.03407442583267086,"30,0":0.45255683838742977,"30,1":0.16138609192133427,"30,2":0.03407442583267086,"31,0":0.3079375745892636,"31,1":0.10740781044163356,"31,2":0.021899495617217685,"32,0":0.1656091696427509,"32,1":0.05146307698740092,"32,2":0.009045763815759666,"33,0":0.08508830856227692,"33,1":0.020403905759983285,"34,0":0.03885582868394451,"34,1":0.007299831872405895,"35,0":0.018657973816629515,"35,1":0.0030152546052532223,"36,0":0.006030509210506445}