{"0,60":-0.03316780065778544,"0,61":-0.1480185427619211,"0,62":-0.35203349619308544,"0,63":-0.541430491292996,"0,64":-1.7890096382868397,"1,61":-0.030152546052532217,"1,62":-0.07299831872405894,"1,63":-0.1135814194422362,"1,64":-0.6706414996363647,"2,64":-0.16240318392107533,"3,64":-0.03649915936202947}