{"64,58":-0.009859821959855014,"64,59":-0.020383981763792875,"64,60":-0.026745552201512986,"64,61":-0.03447987717355462,"64,62":-0.043674867533013674,"64,63":-0.05629412788148684,"64,64":-0.06904062203737603}