{"0,39":-0.1506710998801603,"0,40":-0.6835665319282606,"0,41":-1.8140408873448581,"0,42":-3.2031517059159267,"0,43":-3.795348688414775,"0,44":-3.0314522285273724,"0,45":-1.632768469865065,"0,46":-0.5906632757113499,"0,47":-0.11600459657804917,"0,64":0.028462382256965554,"1,39":-0.15495567714731298,"1,40":-0.8156239491852425,"1,41":-2.258227096406076,"1,42":-4.196643787458926,"1,43":-5.257265366674501,"1,44":-4.451354720772633,"1,45":-2.539889718634253,"1,46":-0.9635615974586127,"1,47":-0.21684619601326774,"1,64":0.06429659530240536,"2,39":-0.13640850233803245,"2,40":-0.7603599434215744,"2,41":-2.1876852821655453,"2,42":-4.252596699045675,"2,43":-5.60029799219246,"2,44":-5.001381674832478,"2,45":-3.021372058054333,"2,46":-1.2317246617443942,"2,47":-0.31537541732002233,"2,48":-0.015076273026266112,"2,64":0.11366462251508747,"3,39":-0.12355477053657439,"3,40":-0.6803798972418809,"3,41":-1.9880760597080671,"3,42":-3.9188292023218425,"3,43":-5.294085266606706,"3,44":-4.934157226343002,"3,45":-3.178905678264566,"3,46":-1.415654823312605,"3,47":-0.4129595518864543,"3,48":-0.04856017778304237,"3,64":0.17764913753616038,"4,39":-0.12088125131464209,"4,40":-0.6446481657602766,"4,41":-1.8909032189022652,"4,42":-3.6932479858877176,"4,43":-5.053183021590686,"4,44":-4.929301344806247,"4,45":-3.441881358029952,"4,46":-1.7056911001106558,"4,47":-0.5799597887658227,"4,48":-0.12296580585422545,"4,49":-0.009045763815759666,"4,64":0.2480538034361944,"5,39":-0.11659667404748941,"5,40":-0.547483519000741,"5,41":-1.6641684604169908,"5,42":-3.3372229175444152,"5,43":-4.816279287904008,"5,44":-5.088797606749335,"5,45":-3.944547995051797,"5,46":-2.23654996348738,"5,47":-0.9076547022778647,"5,48":-0.2732675387489548,"5,49":-0.04312018964843053,"5,50":-0.009045763815759666,"5,64":0.31011245911344965,"6,39":-0.07299831872405894,"6,40":-0.3872633328932154,"6,41":-1.3020578889016954,"6,42":-2.861452193029804,"6,43":-4.593578142039955,"6,44":-5.410205232769032,"6,45":-4.687028339428497,"6,46":-3.0124349919898665,"6,47":-1.459365450033878,"6,48":-0.544370888091285,"6,49":-0.13164375907809964,"6,50":-0.030945259432977348,"6,64":0.3472446770780153,"7,39":-0.030152546052532217,"7,40":-0.2392238573054854,"7,41":-0.9722906231160957,"7,42":-2.477131485572405,"7,43":-4.527004456886653,"7,44":-5.946410514104106,"7,45":-5.703107731005036,"7,46":-4.085824026471962,"7,47":-2.2410270888622814,"7,48":-0.9284266005761836,"7,49":-0.25940795955743295,"7,50":-0.055973921449888546,"7,64":0.3477013414293644,"8,40":-0.13967565542295068,"8,41":-0.7297699247853449,"8,42":-2.1339473729537333,"8,43":-4.323036260951464,"8,44":-6.220401439363961,"8,45":-6.501624953427644,"8,46":-5.039963016616816,"8,47":-2.9575268982697756,"8,48":-1.2849861059136272,"8,49":-0.38119491371270015,"8,50":-0.07417936087584816,"8,64":0.3103452993075938,"9,40":-0.06871374145690629,"9,41":-0.4851818168214087,"9,42":-1.6440688139920108,"9,43":-3.711927439446308,"9,44":-5.883383383881857,"9,45":-6.688722168633014,"9,46":-5.549314640805591,"9,47":-3.3988874475063895,"9,48":-1.5144906451005677,"9,49":-0.4546454346449355,"9,50":-0.07637782720987184,"9,51":0.007299831872405895,"9,52":0.01135814194422362,"9,53":0.01135814194422362,"9,54":0.007299831872405895,"9,55":0.0030152546052532223,"9,64":0.24588914364442588,"10,40":-0.027137291447278996,"10,41":-0.3116557298444341,"10,42":-1.2278662076145537,"10,43":-3.078228960699336,"10,44":-5.327626566686216,"10,45":-6.5196871289237155,"10,46":-5.742172628300815,"10,47":-3.672396122178482,"10,48":-1.6883381078406525,"10,49":-0.5148505193258321,"10,50":-0.07556103893864227,"10,51":0.03584057407869128,"10,52":0.0655011910735232,"10,53":0.0655011910735232,"10,54":0.042097350484532677,"10,55":0.017388651154730064,"10,56":0.0030152546052532223,"10,64":0.17216442332485887,"11,41":-0.21258413724335393,"11,42":-0.9635107377411525,"11,43":-2.640984443891886,"11,44":-4.9195491431542875,"11,45":-6.413440975508421,"11,46":-5.969017977499282,"11,47":-3.9574505890330554,"11,48":-1.8524255750012326,"11,49":-0.5655776015561454,"11,50":-0.0906154630726166,"11,51":0.052851067587790033,"11,52":0.14129336112343327,"11,53":0.1680438801929138,"11,54":0.12156636543824194,"11,55":0.050213970628168125,"11,56":0.01333034108291234,"11,64":0.10607426323947694,"12,41":-0.16653852989332596,"12,42":-0.84163884320865,"12,43":-2.4641743384023482,"12,44":-4.799182914221817,"12,45":-6.5356752334546675,"12,46":-6.265155935607196,"12,47":-4.156220152360959,"12,48":-1.8277704297680188,"12,49":-0.511461766482206,"12,50":-0.12251913423175495,"12,51":0.04060783965202178,"12,52":0.2191905199552493,"12,53":0.30620952783469474,"12,54":0.22164655895086866,"12,55":0.09778028066451774,"12,56":0.02595780568903541,"12,64":0.05587117086265457,"13,41":-0.155544641829662,"13,42":-0.8043982633405372,"13,43":-2.4184076277649003,"13,44":-4.797525809624007,"13,45":-6.655832052580108,"13,46":-6.372784557803782,"13,47":-4.022705896275628,"13,48":-1.5212478259101454,"13,49":-0.35000914675829137,"13,50":-0.2145673090277941,"13,51":-0.11333022755653904,"13,52":0.1650257499270596,"13,53":0.35736823075700264,"13,54":0.28433220409889803,"13,55":0.13136997616048113,"13,56":0.03407442583267086,"13,64":0.024726570337489165,"14,40":-0.0030152546052532223,"14,41":-0.14244056794208454,"14,42":-0.7377771974784675,"14,43":-2.2714504261749604,"14,44":-4.561985071528782,"14,45":-6.447035994387668,"14,46":-6.229732972604091,"14,47":-3.857250005580697,"14,48":-1.3212035482729627,"14,49":-0.25925127398247494,"14,50":-0.3017553909561569,"14,51":-0.2717410258900678,"14,52":0.028382148596161838,"14,53":0.27941197678401924,"14,54":0.24768118689705998,"14,55":0.12036733298227871,"14,56":0.030016115760853133,"14,64":0.00995043193728613,"15,40":-0.01333034108291234,"15,41":-0.1461789153267937,"15,42":-0.6775486687089709,"15,43":-2.008569078041592,"15,44":-4.070506253264266,"15,45":-5.943434615302153,"15,46":-6.0765760641470665,"15,47":-4.131252975692619,"15,48":-1.7163651256511652,"15,49":-0.48110372644330357,"15,50":-0.29284251114331433,"15,51":-0.21879913590409278,"15,52":-0.004976763009552215,"15,53":0.1750879907509695,"15,54":0.15799201006550267,"15,55":0.07771165736788901,"15,56":0.017614918350065012,"16,40":-0.02595780568903541,"16,41":-0.16778741967410793,"16,42":-0.6698721176756502,"16,43":-1.8676704336147987,"16,44":-3.7405797896850213,"16,45":-5.628702930906342,"16,46":-6.2144668313616185,"16,47":-4.84934174722384,"16,48":-2.57574894530601,"16,49":-0.9481911018361365,"16,50":-0.2817542160722587,"16,51":-0.04275368561964278,"16,52":0.06907139665169269,"16,53":0.11807724370048338,"16,54":0.0839974051909355,"16,55":0.03708968043792408,"16,56":0.006030509210506445,"17,40":-0.03407442583267086,"17,41":-0.183059320343217,"17,42":-0.6758454288180895,"17,43":-1.8014241990771551,"17,44":-3.570592315511689,"17,45":-5.492150379278165,"17,46":-6.426909158414827,"17,47":-5.527495230932524,"17,48":-3.393704183660914,"17,49":-1.4667825666518595,"17,50":-0.40128813014758524,"17,51":0.009077142572707345,"17,52":0.09143774082200345,"17,53":0.07613379766134745,"17,54":0.03860548659782513,"17,55":0.01333034108291234,"18,40":-0.030016115760853133,"18,41":-0.16348752263070926,"18,42":-0.5842005945303556,"18,43":-1.57055063521672,"18,44":-3.183069512788083,"18,45":-5.074306881142006,"18,46":-6.249288728602175,"18,47":-5.75566569591386,"18,48":-3.888532387126277,"18,49":-1.8995001695572453,"18,50":-0.6336046731011071,"18,51":-0.08959903742072209,"18,52":0.03335111647476413,"18,53":0.03212244299664879,"18,54":0.017388651154730064,"18,55":0.0030152546052532223,"19,40":-0.017614918350065012,"19,41":-0.10992623946276579,"19,42":-0.40786060475188746,"19,43":-1.1847982030422997,"19,44":-2.548089697875908,"19,45":-4.324150892251184,"19,46":-5.678798479262096,"19,47":-5.634528785623042,"19,48":-4.15703228274526,"19,49":-2.262578835374582,"19,50":-0.8873694510623251,"19,51":-0.20547096132080164,"19,52":-0.014373396549476837,"19,53":0.01333034108291234,"19,54":0.0030152546052532223,