{"0,60":-0.06141390958450039,"0,61":-0.3099159294058862,"0,62":-1.1120745559862693,"0,63":-2.634635048943109,"0,64":-4.619035991269586,"1,60":-0.1041954766367013,"1,61":-0.49795802740737677,"1,62":-1.7348184614520838,"1,63":-3.9744106195517133,"1,64":-6.7730827301715015,"2,60":-0.11682294124282437,"2,61":-0.5515548466542328,"2,62":-1.9109122282940216,"2,63":-4.336741444165642,"2,64":-7.3426764055183495,"3,60":-0.09548833541717122,"3,61":-0.4576315012545328,"3,62":-1.6254465462230108,"3,63":-3.7242492475016715,"3,64":-6.367343577622055,"4,60":-0.07651425750155089,"4,61":-0.360676980554234,"4,62":-1.2798229484592767,"4,63":-2.9858838688144806,"4,64":-5.132851790030221,"5,60":-0.06547221965631811,"5,61":-0.359640273170926,"5,62":-1.2491504016573516,"5,63":-2.8510889208805357,"5,64":-4.755290830077983,"6,60":-0.07417936087584816,"6,61":-0.4025054446475689,"6,62":-1.383387662810575,"6,63":-3.129859845750533,"6,64":-5.138334205486201,"7,60":-0.064090541593524,"7,61":-0.3803950016112621,"7,62":-1.3859148440110722,"7,63":-3.2198564418263573,"7,64":-5.404415711840033,"8,60":-0.0395144139672827,"8,61":-0.2951176300678496,"8,62":-1.1913701931929719,"8,63":-2.9400675544123542,"8,64":-5.159874736675026,"9,60":-0.015076273026266112,"9,61":-0.24860668732392907,"9,62":-1.125693886946107,"9,63":-2.9273276670509105,"9,64":-5.221285765986763,"10,61":-0.2920911308529193,"10,62":-1.3209752835160455,"10,63":-3.4520959533224995,"10,64":-6.015115945051672,"11,61":-0.36506693107973953,"11,62":-1.5676885356197643,"11,63":-4.059200086983238,"11,64":-6.903127243549069,"12,61":-0.40435507785168723,"12,62":-1.6919234475574403,"12,63":-4.296019284980071,"12,64":-7.162880466887047,"13,60":-0.006030509210506445,"13,61":-0.41285847037312084,"13,62":-1.6479478100044425,"13,63":-4.078010143185489,"13,64":-6.639576265303633,"14,60":-0.023645427560571454,"14,61":-0.46331736810574514,"14,62":-1.693894087045482,"14,63":-3.9334282287204867,"14,64":-6.073088652000069,"15,60":-0.08381408937395678,"15,61":-0.6419966319507061,"15,62":-2.0350216778782935,"15,63":-4.293694423769068,"15,64":-6.104852052529184,"16,60":-0.16676479708866088,"16,61":-0.9253535947633859,"16,62":-2.6716020396303497,"16,63":-5.1543408437676606,"16,64":-6.730221432230222,"17,59":-0.0030152546052532223,"17,60":-0.2549789319177564,"17,61":-1.2113004240777026,"17,62":-3.2536405844909715,"17,63":-5.882379873365477,"17,64":-7.186866166862112,"18,59":-0.01333034108291234,"18,60":-0.3549325660872105,"18,61":-1.4142369669961792,"18,62":-3.549663651881289,"18,63":-6.054937128749183,"18,64":-7.067556415855582,"19,58":-0.0030152546052532223,"19,59":-0.0661991710238918,"19,60":-0.5168473776619112,"19,61":-1.67419075850289,"19,62":-3.8061494400028844,"19,63":-6.023220094589227,"19,64":-6.823739814973606,"20,58":-0.019360850293418785,"20,59":-0.20228926706836142,"20,60":-0.8693298159886784,"20,61":-2.269598379438824,"20,62":-4.421120425040294,"20,63":-6.311955115832362,"20,64":-6.935647865858873,"21,58":-0.0676947608811262,"21,59":-0.4306971371454981,"21,60":-1.4323885536672054,"21,61":-3.185208385858897,"21,62":-5.327647139860739,"21,63":-6.73451699757463,"21,64":-7.009909769028691,"22,58":-0.13756546959903726,"22,59":-0.716973169576518,"22,60":-2.0824510730863626,"22,61":-4.118058087424194,"22,62":-6.015609860856657,"22,63":-6.777959110881935,"22,64":-6.584956880212955,"23,58":-0.20954636414086183,"23,59":-0.9483511963352397,"23,60":-2.5303482841543774,"23,61":-4.6820630414536435,"23,62":-6.27703553511767,"23,63":-6.729851507702114,"23,64":-6.454863248205305,"24,58":-0.2531190881799623,"24,59":-1.0467849491782237,"24,60":-2.6535650611973187,"24,61":-4.779221127009706,"24,62":-6.28452165637045,"24,63":-7.072627375762313,"24,64":-7.32521938045969,"25,58":-0.26458958552508055,"25,59":-1.038894264047431,"25,60":-2.601619443030752,"25,61":-4.707270279092028,"25,62":-6.363538078683675,"25,63":-7.730582425717111,"25,64":-8.568074518612287,"26,58":-0.26182467300594675,"26,59":-1.016418115573728,"26,60":-2.57826304429794,"26,61":-4.70077622261231,"26,62":-6.514695194463108,"26,63":-8.096636932927346,"26,64":-8.96464341031549,"27,58":-0.25706348645733973,"27,59":-1.016574762168074,"27,60":-2.651051634573999,"27,61":-4.8758682332380365,"27,62":-6.775580806386774,"27,63":-8.136970166839726,"27,64":-8.44828684157987,"28,58":-0.26309399566784614,"28,59":-1.0573825736880416,"28,60":-2.81083456215958,"28,61":-5.150485343264383,"28,62":-7.061607972290297,"28,63":-7.941219906334404,"28,64":-7.457356506453601,"29,58":-0.270393827540252,"29,59":-1.121695523888781,"29,60":-3.0238370844479836,"29,61":-5.557323189058818,"29,62":-7.455463618398643,"29,63":-7.788883346062283,"29,64":-6.5075542211196264,"30,57":0.0007538136513133056,"30,58":0.0007538136513133056,"30,59":-1.1589280875383523,"30,60":-3.1776660315652836,"30,61":-5.8477571449816885,"30,62":-7.740807557346087,"30,63":-7.70073413845261,"30,64":-5.870638828046532,"31,56":-0.03680004952428648,"31,57":0.0007538136513133056,"31,58":0.0007538136513133056,"31,59":-1.1401229680429417,"31,60":-3.149844213236183,"31,61":-5.815682185619876,"31,62":-7.71914671304221,"31,63":-7.628281181463424,"31,64":-5.663957785434664,"32,56":-0.03680004952428648,"32,57":-0.03680004952428648,"32,58":-0.03680004952428648,"32,59":-1.087311880033987,"32,60":-2.9788420653027954,"32,61":-5.454802984875875,"32,62":-7.209844426692396,"32,63":-7.160743412699657,"32,64":-5.361513691542571,"33,57":-0.03680004952428648,"33,58":-0.03680004952428648,"33,59":-1.1591448304174528,"33,60":-3.0653142468971986,"33,61":-5.350760140131602,"33,62":-6.673073913443014,"33,63":-6.261217378817823,"33,64":-4.504084403829955,"34,47":0.0030152546052532223,"34,48":0.007299831872405895,"34,49":0.01135814194422362,"34,50":0.01135814194422362,"34,51":0.007299831872405895,"34,52":0.0030152546052532223,"34,57":-0.03680004952428648,"34,58":-0.03680004952428648,"34,59":-1.3324811042239293,"34,60":-3.3881249509901874,"34,61":-5.604836366248178,"34,62":-6.375636257324694,"34,63":-5.263291673234816,"34,64":-3.3170282799731083,"35,46":0.0030152546052532223,"35,47":0.01135814194422362,"35,48":0.027497686739720886,"35,49":0.042784907185075965,"35,50":0.042784907185075965,"35,51":0.027497686739720886,"35,52":0.01135814194422362,"35,53":0.0030152546052532223,"35,56":-0.0030152546052532223,"35,57":-0.044525942602009067,"35,58":-0.45017211581180805,"35,59":-1.5116939125521534,"35,60":-3.516173902796215,"35,61":-5.515964781936832,"35,62":-5.858653819469826,"35,63":-4.30060871801196,"35,64":-2.290547192374435,"36,46":0.007299831872405895,"36,47":0.027497686739720886,"36,48":0.06657099195880016,"36,49":0.10358084805953444,"36,50":0.10358084805953444,"36,51":0.06657099195880016,"36,52":0.027497686739720886,"36,53":0.007299831872405895,"36,55":-0.03680004952428648,"36,56":-0.03680004952428648,"36,57":-0.03680004952428648,"36,58":-0.03680004952428648,"36,59":-1.7597022655675785,"36,60":-3.452609854785336,"36,61":-5.062694880021395,"36,62":-5.233006604189607,"36,63":-3.744876318993799,"36,64":-1.8590954230799903,"37,46":0.01135814194422362,"37,47":0.042784907185075965,"37,48":0.10358084805953444,"37,49":0.16116617417046114,"37,50":0.16116617417046114,"37,51":0.10358084805953444,"37,52":0.042784907185075965,"37,53":0.01135814194422362,"37,55":-0.03680004952428648,"37,56":-0.03680004952428648,"37,57":-0.03680004952428648,"37,58":-0.03680004952428648,"37,59":-2.4786316242003443,"37,60":-3.9509795833595893,"37,61":-5.091203500005824,"37,62":-5.091929156137788,"37,63":-3.7261311563946733,"37,64":-1.9044583834306474,"38,46":0.01135814194422362,"38,47":0.042784907185075965,"38,48":0.10358084805953444,"38,49":0.16116617417046114,"38,50":0.16116617417046114,"38,51":0.10358084805953444,"38,52":0.042784907185075965,"38,53":0.01135814194422362,"38,56":-0.03680004952428648,"38,57":-0.03680004952428648,"38,58":-0.03680004952428648,"38,59":-3.5364497573652782,"38,60":-5.02516568697878,"38,61":-5.811238496434167,"38,62":-5.505713334632377,"38,63":-4.073214676309323,