{"28,64":0.01936085029341878,"29,64":0.1067768567604056,"30,64":0.31666585384051993,"31,64":0.6672202307675591,"32,64":1.0417531971871288,"33,63":0.0030152546052532223,"33,64":1.237530897997008,"34,62":0.0030152546052532223,"34,63":0.03246492418099617,"34,64":1.1485120665785362,"35,62":0.007299831872405895,"35,63":0.07859650984656215,"35,64":0.9216852527903119,"36,62":0.01135814194422362,"36,63":0.1222919007946413,"36,64":0.7365241999206291,"37,62":0.01135814194422362,"37,63":0.1222919007946413,"37,64":0.5448128898203615,"38,62":0.007299831872405895,"38,63":0.07859650984656215,"38,64":0.31189955418704146,"39,62":0.0030152546052532223,"39,63":0.03246492418099617,"39,64":0.12509620798080553,"40,63":0.0030152546052532223,"40,64":0.028406614109178444}