{"0,0":-4.619035991269586,"0,1":-5.995587910778585,"0,2":-5.597760701050987,"0,3":-3.6618628804396782,"0,4":-1.6443456309588134,"0,5":-0.4924349836092673,"0,6":-0.05980596432637132,"1,0":-6.7730827301715015,"1,1":-8.568705482400672,"1,2":-7.8124486365349535,"1,3":-4.990655066640741,"1,4":-2.1771738855880702,"1,5":-0.6370957905815874,"1,6":-0.06710579619877721,"2,0":-7.3426764055183495,"2,1":-9.220844088366421,"2,2":-8.320904353972077,"2,3":-5.234720952304437,"2,4":-2.234769303972137,"2,5":-0.6373810346873344,"2,6":-0.05515713317865899,"3,0":-6.367343577622055,"3,1":-8.053100571415179,"3,2":-7.2789483740361005,"3,3":-4.55440894425644,"3,4":-1.9199786762996207,"3,5":-0.5386230566901061,"3,6":-0.040807811519966576,"4,0":-5.132851790030221,"4,1":-6.501462429506296,"4,2":-5.879334951366528,"4,3":-3.6990693317366,"4,4":-1.590792104779368,"4,5":-0.4588114201696781,"4,6":-0.0631282576873427,"4,7":-0.0631282576873427,"4,8":-0.0631282576873427,"4,9":-0.0631282576873427,"5,0":-4.755290830077983,"5,1":-5.831770882730375,"5,2":-5.163146391321906,"5,3":-3.264310260305468,"5,4":-1.49833782425894,"5,5":-0.0631282576873427,"5,6":-0.0631282576873427,"5,7":-0.0631282576873427,"5,8":-0.0631282576873427,"5,9":-0.0631282576873427,"5,10":-0.0631282576873427,"6,0":-5.138334205486201,"6,1":-6.173229755173868,"6,2":-5.416496646658576,"6,3":-3.5319083153990425,"6,4":-1.8000594542626858,"6,5":-0.0631282576873427,"6,6":-0.0631282576873427,"6,7":-0.0631282576873427,"6,8":-0.0631282576873427,"6,9":-0.0631282576873427,"6,10":-0.0631282576873427,"7,0":-5.404415711840033,"7,1":-6.582771146900009,"7,2":-5.855542723073189,"7,3":-3.9414805841113507,"7,4":-2.154270543761392,"7,5":-0.0631282576873427,"7,6":-0.0631282576873427,"7,7":-0.0631282576873427,"7,8":-0.0631282576873427,"7,9":-0.0631282576873427,"7,10":-0.0631282576873427,"8,0":-5.159874736675026,"8,1":-6.438724109980508,"8,2":-5.770429357738408,"8,3":-3.876911245088327,"8,4":-2.117508060277231,"8,5":-0.0631282576873427,"8,6":-0.0631282576873427,"8,7":-0.0631282576873427,"8,8":-0.0631282576873427,"8,9":-0.0631282576873427,"8,10":-0.0631282576873427,"9,0":-5.221285765986763,"9,1":-6.422290619078736,"9,2":-5.524027090987291,"9,3":-3.4530951750367778,"9,4":-1.6956602615383745,"9,5":-0.0631282576873427,"9,6":-0.0631282576873427,"9,7":-0.0631282576873427,"9,8":-0.0631282576873427,"9,9":-0.0631282576873427,"10,0":-6.015115945051672,"10,1":-7.066368713718876,"10,2":-5.664919172642137,"10,3":-3.1683862571907824,"10,4":-1.3005882539258529,"10,5":-0.0631282576873427,"10,6":-0.0631282576873427,"10,7":-0.03477730230946013,"10,8":-0.006030509210506445,"11,0":-6.903127243549069,"11,1":-7.828889923135687,"11,2":-5.972775807964317,"11,3":-3.0998159861873003,"11,4":-1.6520804069119377,"11,5":-0.763329239614444,"11,6":-0.02666068216582468,"11,7":-0.006030509210506445,"12,0":-7.162880466887047,"12,1":-7.91894602437574,"12,2":-5.850304111762355,"12,3":-4.705161281153381,"12,4":-3.306098787363275,"12,5":-0.6867251452092371,"13,0":-6.639576265303633,"13,1":-7.158413837698003,"13,2":-5.504612580434035,"13,3":-3.0600000000000005,"13,4":-2.7,"14,0":-6.073088652000069,"14,1":-6.245099756294205,"14,2":-4.647040751859979,"14,3":-3.0600000000000005,"14,4":-2.7,"15,0":-6.104852052529184,"15,1":-5.835662030208593,"15,2":-3.740305946976384,"15,3":-2.52,"15,4":-2.52,"16,0":-6.730221432230222,"16,1":-5.94397197979174,"16,2":-3.535455247997219,"16,3":-0.72,"16,4":-0.72,"17,0":-7.186866166862112,"17,1":-5.969985428782446,"17,2":-3.37163155287092,"17,3":-1.2849772122052712,"17,4":-0.287556211499647,"17,5":-0.0030152546052532223,"18,0":-7.067556415855582,"18,1":-5.725318180679726,"18,2":-3.2515767713948365,"18,3":-1.3076352210768163,"18,4":-0.3218809794184375,"18,5":-0.030152546052532217,"19,0":-6.823739814973606,"19,1":-5.669637068279197,"19,2":-3.524558183098285,"19,3":-1.629735176580618,"19,4":-0.49483831801572964,"19,5":-0.10616611938184438,"20,0":-6.935647865858873,"20,1":-6.070930743690434,"20,2":-4.23452690914413,"20,3":-2.212779314242012,"20,4":-0.7844617785905685,"20,5":-0.19689482464395433,"21,0":-7.009909769028691,"21,1":-6.276973560055434,"21,2":-4.63889561557263,"21,3":-2.547957657117762,"21,4":-0.9476539660481993,"21,5":-0.24883606730635524,"22,0":-6.584956880212955,"22,1":-5.77628806354172,"22,2":-4.24193098279485,"22,3":-2.3207774952402227,"22,4":-0.8641375140418929,"22,5":-0.2165958539271484,"23,0":-6.454863248205305,"23,1":-5.529477266267785,"23,2":-3.791251922276058,"23,3":-1.908548465133259,"23,4":-0.6684131035352169,"23,5":-0.13316698053744427,"24,0":-7.32521938045969,"24,1":-6.3740038819139455,"24,2":-4.075016666769046,"24,3":-1.8225291629775107,"24,4":-0.5555504183396277,"24,5":-0.05182577447441497,"25,0":-8.568074518612287,"25,1":-7.539625196939848,"25,2":-4.634167430523514,"25,3":-1.9326926102849449,"25,4":-0.5273908061836937,"25,5":-0.010315086477659116,"26,0":-8.96464341031549,"26,1":-7.710448629760193,"26,2":-4.591014019931732,"26,3":-1.8551725067709908,"26,4":-0.47202732023557475,"26,5":-0.0030152546052532223,"27,0":-8.44828684157987,"27,1":-6.815432542953963,"27,2":-3.8549967229715687,"27,3":-1.4986300069216387,"27,4":-0.35649622015188853,"28,0":-7.457356506453601,"28,1":-5.461233933820923,"28,2":-2.8557614227066255,"28,3":-1.0489446402748677,"28,4":-0.21061193810466525,"29,0":-6.5075542211196264,"29,1":-4.204840490074491,"29,2":-1.9566501699084644,"29,3":-0.640136571634461,"29,4":-0.09898019930387875,"30,0":-5.870638828046532,"30,1":-3.3672021674322687,"30,2":-1.3636277674953643,"30,3":-0.39081587496580694,"30,4":-0.03999102324873702,"31,0":-5.663957785434664,"31,1":-3.0629031599889385,"31,2":-1.143829075574093,"31,3":-0.2889378895624413,"31,4":-0.009045763815759666,"32,0":-5.361513691542571,"32,1":-2.9136961740911564,"32,2":-1.0631800647687553,"32,3":-0.2572913100462203,"33,0":-4.504084403829955,"33,1":-2.3993236961911495,"33,2":-0.8531425066038861,"33,3":-0.2184797725557269,"34,0":-3.3170282799731083,"34,1":-1.596977770634916,"34,2":-0.4969103441509977,"34,3":-0.1271123964361534,"35,0":-2.290547192374435,"35,1":-0.9117200515591142,"35,2":-0.2172104498938274,"35,3":-0.05125932828930479,"36,0":-1.8590954230799903,"36,1":-0.6474354675707902,"36,2":-0.11743442442241207,"37,0":-1.9044583834306474,"37,1":-0.6996467637685514,"37,2":-0.14822073506647163,"37,3":-0.01206101842101289,"38,0":-2.232822051415116,"38,1":-0.9298315413863286,"38,2":-0.2855765970615149,"38,3":-0.05749358619790736,"38,4":-0.01206101842101289,"39,0":-2.539151348825985,"39,1":-1.285526819209612,"39,2":-0.525198326337345,"39,3":-0.15739551387446676,"39,4":-0.03824509130538324,"40,0":-2.9215157284277384,"40,1":-1.7387723164354376,"40,2":-0.8374575302487592,"40,3":-0.2896793139308261,"40,4":-0.07034731799936539,"41,0":-3.2972895527111015,"41,1":-2.082674302105248,"41,2":-1.042087923082568,"41,3":-0.3703384938790182,"41,4":-0.08680682548197123,"42,0":-3.4516638934701205,"42,1":-2.0949693573416064,"42,2":-1.0068948486342133,"42,3":-0.3401195517543292,"42,4":-0.07463189526651806,"43,0":-3.3968105490765894,"43,1":-1.8430763885409926,"43,2":-0.7943736938683311,"43,3":-0.2337580213080927,"43,4":-0.0453186559824542,"44,0":-3.2167510350989796,"44,1":-1.530537271781123,"44,2":-0.557715585965765,"44,3":-0.12532247517614048,"44,4":-0.01634559568816556,"45,0":-2.927954071292332,"45,1":0.2499165817638005,"45,2":0.2499165817638005,"45,3":0.2499165817638005,"45,4":0.2499165817638005,"45,5":0.2499165817638005,"45,6":0.2499165817638005,"45,7":0.2499165817638005,"46,0":-2.5464416433100343,"46,1":0.2499165817638005,"46,2":0.2499165817638005,"46,3":0.2499165817638005,"46,4":0.2499165817638005,"46,5":0.2499165817638005,"46,6":0.2499165817638005,"46,7":0.2499165817638005,"47,0":-2.314123392123173,"47,1":0.2499165817638005,"47,2":0.2499165817638005,"47,3":0.2499165817638005,"47,4":0.2499165817638005,"47,5":0.2499165817638005,"47,6":0.2499165817638005,"47,7":0.2499165817638005,"48,0":-2.4246678979061786,"48,1":0.2499165817638005,"48,2":0.2499165817638005,"48,3":0.2499165817638005,