{"0,35":-0.17708693526479588,"0,36":-0.3492143970075214,"0,37":-0.5676467731908679,"0,38":-0.9141522132823429,"0,39":-1.4023147853749491,"0,40":-2.225846786334696,"0,41":-3.26773302126009,"0,42":-4.18290838631927,"0,43":-4.725848203594612,"0,44":-4.926692840864572,"0,45":-4.7718293394802505,"0,46":-4.4508758768118994,"0,47":-4.209388275393853,"0,48":-4.03560580928791,"0,49":-4.18347336721305,"0,50":-4.615142349927136,"0,51":-5.142880886781628,"0,52":-5.860475703989285,"0,53":-6.469914739791766,"0,54":-6.874478858213993,"0,55":-7.064038962039218,"0,56":-6.94753205085062,"0,57":-6.623036640902587,"0,58":-6.170466849650948,"0,59":-5.6450507369937934,"0,60":-5.038767697108627,"0,61":-4.428800706387952,"0,62":-3.7534027372701786,"0,63":-2.998382067391736,"0,64":-2.346762295205165,"3,0":0.05109882310684127,"3,1":0.021106782236772554,"4,0":0.2316821170463381,"4,1":0.07950699360956534,"4,2":0.021106782236772554,"5,0":0.7769497970792454,"5,1":0.3149955222480562,"5,2":0.08426662376462668,"6,0":1.6971502920617179,"6,1":0.7335038648209921,"6,2":0.21952282802229137,"6,3":0.03316780065778544,"7,0":2.795949875748329,"7,1":1.2933864686561682,"7,2":0.4184807071085244,"7,3":0.08029815059646483,"8,0":3.466364009163207,"8,1":1.7001869027205074,"8,2":0.5785235118637951,"8,3":0.12493956138645981,"9,0":3.1916416462525077,"9,1":1.5955273452066665,"9,2":0.5515467255989795,"9,3":0.12493956138645981,"10,0":2.2842390534100345,"10,1":1.0888808172833875,"10,2":0.3492887999766183,"10,3":0.08029815059646483,"11,0":1.5898976142598593,"11,1":0.6294820119228365,"11,2":0.16771957204511517,"11,3":0.03316780065778544,"12,0":1.4222767296454581,"12,1":0.46010585566066486,"12,2":0.08381408937395682,"13,0":1.4782810283867795,"13,1":0.4391934465499817,"13,2":0.07637782720987182,"14,0":1.6932633738596048,"14,1":0.5641790828692218,"14,2":0.12623140254559803,"14,3":0.0030152546052532223,"15,0":2.1194091443354077,"15,1":0.8475271394176592,"15,2":0.24783574663969618,"15,3":0.03443712331968489,"16,0":3.0660058767094047,"16,1":1.423599400432438,"16,2":0.4708358352955913,"16,3":0.08007188340112989,"17,0":4.094223118990182,"17,1":2.054230437252894,"17,2":0.7164701115131838,"17,3":0.14500328815666788,"18,0":4.541045369090147,"18,1":2.356176933314339,"18,2":0.8415281598053441,"18,3":0.1792799062938893,"19,0":4.231606572363663,"19,1":2.192889414840138,"19,2":0.7987416962267222,"19,3":0.1709370189549189,"20,0":3.6110727253854358,"20,1":1.782490830964229,"20,2":0.6377460382312214,"20,3":0.13133276808398028,"21,0":2.996834303760008,"21,1":1.3812354628161052,"21,2":0.4711030535515023,"21,3":0.0820440825398186,"22,0":2.5411207672825133,"22,1":1.1416313207310222,"22,2":0.3791985240791845,"22,3":0.06746849368579125,"23,0":2.3541049764108077,"23,1":1.0880514437130926,"23,2":0.36256757944856244,"23,3":0.060032231521706274,"24,0":2.280362613570933,"24,1":1.0559507734126563,"24,2":0.3414607972117899,"24,3":0.06003223152170627,"25,0":2.234564695433212,"25,1":0.9822927957135235,"25,2":0.29261796579254823,"25,3":0.04334645684376547,"26,0":2.000151292073899,"26,1":0.8181835572179351,"26,2":0.22096901358120322,"26,3":0.020630172955318233,"27,0":1.6478132361348445,"27,1":0.6324771658294656,"27,2":0.1517125989531792,"27,3":0.006030509210506445,"28,0":1.43378191814171,"28,1":0.5223975043011867,"28,2":0.11729799413073304,"29,0":1.4634555093655812,"29,1":0.5228506727511418,"29,2":0.10836614210941367,"30,0":1.5263159347296753,"30,1":0.5436595971795114,"30,2":0.11149530850910719,"31,0":1.451021783826263,"31,1":0.5011533694384749,"31,2":0.10233563289890722,"32,0":1.273903615556531,"32,1":0.41224499764308586,"32,2":0.08159154814914871,"33,0":1.098475361490808,"33,1":0.3297350612541317,"33,2":0.05771985339324231,"34,0":0.9213575234417597,"34,1":0.25005120474755405,"34,2":0.0401049350431773,"35,0":0.7347065994754082,"35,1":0.17174869412127702,"35,2":0.021899495617217685,"36,0":0.5669267870360706,"36,1":0.11067852023787761,"36,2":0.009045763815759666,"37,0":0.49426886388023794,"37,1":0.0863527346977557,"38,0":0.5140756839026189,"38,1":0.08240833642037826,"39,0":0.574697918044977,"39,1":0.10709681944751419,"40,0":0.6821943108735126,"40,1":0.16284447370206787,"40,2":0.01206101842101289,"41,0":0.876158761570659,"41,1":0.2688908223835739,"41,2":0.04729085512114292,"42,0":1.1591916319525641,"42,1":0.4144757755271897,"42,2":0.08923155901132984,"43,0":1.3026897947893206,"43,1":0.4930950243117429,"43,2":0.1135814194422362,"44,0":1.0990136199758882,"44,1":0.42117852166199343,"44,2":0.0973481791549653,"45,0":0.6590276503770378,"45,1":0.24773463584847888,"45,2":0.05586000965544827,"46,0":0.27189710529583794,"46,1":0.10084004304167282,"46,2":0.018091527631519333,"47,0":0.07254578433338905,"47,1":0.024122036842025775,"48,0":0.006030509210506445}