{"54,0":-0.030152546052532217,"54,1":-0.07299831872405894,"54,2":-0.1135814194422362,"54,3":-0.1135814194422362,"54,4":-0.07299831872405894,"54,5":-0.030152546052532217,"55,0":-0.11961192865274263,"55,1":-0.31369856798404644,"55,2":-0.5089640107184542,"55,3":-0.5414304912929959,"55,4":-0.38044166669580953,"55,5":-0.17801058363198988,"55,6":-0.05427458289455801,"56,0":-0.3368914611539479,"56,1":-0.866161115614781,"56,2":-1.4419494898388168,"56,3":-1.5885971138325636,"56,4":-1.167632561575422,"56,5":-0.5765499094641243,"56,6":-0.18798549111987375,"56,7":-0.024122036842025775,"57,0":-0.6161253376620859,"57,1":-1.6066302622156712,"57,2":-2.7806081395841837,"57,3":-3.226696610640541,"57,4":-2.5459340146743634,"57,5":-1.3913281000361293,"57,6":-0.5399801111011714,"57,7":-0.1267962923371626,"57,8":-0.01206101842101289,"58,0":-0.7976324651287533,"58,1":-2.1586756282567734,"58,2":-3.921520848810483,"58,3":-4.852657487431708,"58,4":-4.176787453594449,"58,5":-2.5610112713700954,"58,6":-1.1533211413013094,"58,7":-0.36161424528161157,"58,8":-0.06955460461892025,"58,9":-0.01206101842101289,"59,0":-0.7717302962172545,"59,1":-2.2060353347309745,"59,2":-4.290164964934368,"59,3":-5.792364833817305,"59,4":-5.57891886172892,"59,5":-3.927817416111924,"59,6":-2.066963954491098,"59,7":-0.8015269672785489,"59,8":-0.21325552352991511,"59,9":-0.046814245839688594,"59,10":-0.006030509210506445,"60,0":-0.5793961534910121,"60,1":-1.8211633904409272,"60,2":-3.890301988904859,"60,3":-5.88837313868014,"60,4":-6.469677517967658,"60,5":-5.222032611044243,"60,6":-3.1244663635883936,"60,7":-1.3945160105234513,"60,8":-0.46339719924041006,"60,9":-0.12232743687355392,"60,10":-0.028746793098953685,"60,11":-0.006030509210506445,"61,0":-0.34810037180326947,"61,1":-1.2955417105429308,"61,2":-3.148447042231032,"61,3":-5.464664184476197,"61,4":-6.847087779083705,"61,5":-6.180835857596597,"61,6":-4.05940494623409,"61,7":-2.0337006714299988,"61,8":-0.8364033038905533,"61,9":-0.29639114410556117,"61,10":-0.10691098485751259,"61,11":-0.03269119137633112,"62,0":-0.16284447370206787,"62,1":-0.8642785243535662,"62,2":-2.4560695938444317,"62,3":-4.906060243499926,"62,4":-6.892401757297359,"62,5":-6.810161165851679,"62,6":-4.8596877505683596,"62,7":-2.717097862431251,"62,8":-1.3778035388318168,"62,9":-0.6331397919692989,"62,10":-0.2797552622981008,"62,11":-0.09480953383116639,"62,12":-0.01206101842101289,"63,0":-0.07175307095294392,"63,1":-0.5958371128062383,"63,2":-1.978401815153424,"63,3":-4.400040988980936,"63,4":-6.771707054891506,"63,5":-7.254227040545092,"63,6":-5.605735661126295,"63,7":-3.4940900163559947,"63,8":-2.0763318071305767,"63,9":-1.1829208808841907,"63,10":-0.6042050532555062,"63,11":-0.23735504187470202,"63,12":-0.05633661893690258,"64,0":-0.02770373763238918,"64,1":-0.3932964657134548,"64,2":-1.5374896563432503,"64,3":-3.7603677812258822,"64,4":-6.307611076261587,"64,5":-7.358214085529383,"64,6":-6.206280260090444,"64,7":-4.25634523638112,"64,8":-2.8507818223045436,"64,9":-1.9137401599775763,"64,10":-1.1259622194021006,"64,11":-0.5143334120102981,"64,12":-0.15554464182966193,"64,13":-0.015076273026266112}