{"64,0":-0.06904062203737603,"64,1":-0.08321494461810064,"64,2":-0.09857367909992121,"64,3":-0.11476041309781536,"64,4":-0.13538448663999708,"64,5":-0.15307904677879117,"64,6":-0.17027910660361723,"64,7":-0.18637137110028612,"64,8":-0.20930732517873513,"64,9":-0.2242065256761368,"64,10":-0.2370047511581616,"64,11":-0.24740368950080327,"64,12":-0.25845831344961095,"64,13":-0.2646924293404964,"64,14":-0.26857792173519224,"64,15":-0.2702748212345227,"64,16":-0.2699974237088495,"64,17":-0.26798168389460486,"64,18":-0.2644545637035108,"64,19":-0.2596095362408115,"64,20":-0.25359131483380837,"64,21":-0.2505639799312629,"64,22":-0.24375801841331635,"64,23":-0.2362352660601052,"64,24":-0.22802198240086555,"64,25":-0.2191415768180689,"64,26":-0.20963013341022432,"64,27":-0.19954736973746137,"64,28":-0.18744446834087575,"64,29":-0.1749807771567571,"64,30":-0.16912588735232897,"64,31":-0.16292434936081115,"64,32":-0.15668788649369053,"64,33":-0.14923812697591618,"64,34":-0.14402006322648625,"64,35":-0.1432903595462332,"64,36":-0.140273910706029,"64,37":-0.1379819915159329,"64,38":-0.13332255116852332,"64,39":-0.1330117939032143,"64,40":-0.13690950796880633,"64,41":-0.13803425349521814,"64,42":-0.13291998336449126,"64,43":-0.1358190177166987,"64,44":-0.13811003763013058,"64,45":-0.15214486317602127,"64,46":-0.16587786783331646,"64,47":-0.22497219580755032,"64,48":-0.3667806869671455,"64,49":-0.4798258555938222,"64,50":-0.6985874635735881,"64,51":-0.9842231918303268,"64,52":-1.4375345294237725,"64,53":-1.8942371485711147,"64,54":-2.435362941769721,"64,55":-3.0423924236759863,"64,56":-3.6942790266235463,"64,57":-4.347590063799094,"64,58":-4.954670871178976,"64,59":-5.46490920738919,"64,60":-5.831467294273544,"64,61":-6.018218880427516,"64,62":-6.001234305514318,"64,63":-5.7903290434791534,"64,64":-5.399817583378299}