{"0,0":1.299695047380975,"0,1":1.0581600888479925,"0,2":0.8009316929633816,"0,3":0.6042493760922245,"0,4":0.43292320957076585,"0,5":0.28844052768291045,"0,6":0.1826833730595508,"0,7":0.09062248856635363,"0,8":0.010738369872418434,"1,0":1.7278364103742965,"1,1":1.408095127882423,"1,2":1.0690335176028418,"1,3":0.8075921913256161,"1,4":0.5794027345115771,"1,5":0.38633991583598626,"1,6":0.24520829816433615,"1,7":0.12414305515313977,"1,8":0.015614740794202756,"2,0":2.2100596778865893,"2,1":1.7995073011230847,"2,2":1.3698577454142542,"2,3":1.0355512371607398,"2,4":0.7435123553695577,"2,5":0.4959879699294686,"2,6":0.3136690893552864,"2,7":0.1619511840463841,"2,8":0.02152301655854611,"3,0":2.683659856697018,"3,1":2.1825191614063666,"3,2":1.664047063817362,"3,3":1.2593965564582568,"3,4":0.90530703569653,"3,5":0.6044435473602203,"3,6":0.38240573939466993,"3,7":0.20117874371718147,"3,8":0.02812182104311358,"4,0":3.106199315249852,"4,1":2.5224411710432886,"4,2":1.927638799610249,"4,3":1.460478429475069,"4,4":1.0510337801722691,"4,5":0.7023912647200894,"4,6":0.4443134116959706,"4,7":0.23793940052619683,"4,8":0.034830176927365,"5,0":3.4476549857664622,"5,1":2.7919335493369934,"5,2":2.1370106334192656,"5,3":1.6199496157706967,"5,4":1.1665155807329315,"5,5":0.7783875445343096,"5,6":0.4919759256881863,"5,7":0.2679029482663709,"5,8":0.04089214205379947,"6,0":3.6497784914649887,"6,1":2.9442781140410332,"6,2":2.256673797318473,"6,3":1.7116823829823986,"6,4":1.2333977299252765,"6,5":0.8227299944746163,"6,6":0.5190947241093039,"6,7":0.2871099196188254,"6,8":0.04550886256055115,"7,0":3.714104418136869,"7,1":2.9779145106885783,"7,2":2.2832310789989996,"7,3":1.7315617990442922,"7,4":1.2477203647379964,"7,5":0.8294974738896812,"7,6":0.5218433314288659,"7,7":0.2928229386868921,"7,8":0.04800915267342052,"8,0":3.7438270689907363,"8,1":2.9806245041647372,"8,2":2.2851997042186856,"8,3":1.7289439892904424,"8,4":1.2446650461834723,"8,5":0.8247726920574686,"8,6":0.5152055053433358,"8,7":0.28938215933156236,"8,8":0.049451069077316036,"9,0":3.672601157637357,"9,1":2.9015196468076816,"9,2":2.2257251558602333,"9,3":1.6816070464560502,"9,4":1.2103543853844456,"9,5":0.7994809292363133,"9,6":0.49701612761561104,"9,7":0.27794144754794764,"9,8":0.052509117844312794,"9,9":0.002883832807791026,"10,0":3.517533055022108,"10,1":2.75002175492071,"10,2":2.1059533787370026,"10,3":1.585794921147674,"10,4":1.139509383376152,"10,5":0.7479169356518823,"10,6":0.4604510829263369,"10,7":0.2548947499474848,"10,8":0.05202382784330429,"10,9":0.0046668368558410965,"11,0":3.3550034977653613,"11,1":2.5947653336944754,"11,2":1.9837528771607345,"11,3":1.4871552949799682,"11,4":1.0663823807603234,"11,5":0.6944691885119847,"11,6":0.42330728755742386,"11,7":0.2289615943122291,"11,8":0.05162018661858248,"11,9":0.007158913248278956,"12,0":3.2300494470093275,"12,1":2.4748659848691728,"12,2":1.889405385500833,"12,3":1.408990585661978,"12,4":1.0079568137940034,"12,5":0.6510217688095817,"12,6":0.3929249270349515,"12,7":0.2045214186249249,"12,8":0.05214213137205244,"12,9":0.01040982719613517,"13,0":3.199823387046577,"13,1":2.4413293993872953,"13,2":1.8648808150618876,"13,3":1.3846141323378838,"13,4":0.9892036732919194,"13,5":0.6348097358541498,"13,6":0.38105850184840406,"13,7":0.18946871306512006,"13,8":0.057000907665618335,"13,9":0.014348677705697407,"14,0":3.209171779345473,"14,1":2.4481586063918535,"14,2":1.872781093590453,"14,3":1.3853998098197404,"14,4":0.9889771852520387,"14,5":0.6325180131428514,"14,6":0.37864894609343924,"14,7":0.17878613147923017,"14,8":0.06223087833286629,"14,9":0.018747880695409055,"15,0":3.2122126983197106,"15,1":2.459521482381306,"15,2":1.888452631923566,"15,3":1.3932111189604561,"15,4":0.9951304335666853,"15,5":0.6363505308339605,"15,6":0.38115566928090505,"15,7":0.17322443812584665,"15,8":0.06910455218739603,"15,9":0.023220117951576667,"16,0":3.2577850123612215,"16,1":2.5114823786583655,"16,2":1.933694640017712,"16,3":1.4255399474138148,"16,4":1.019507774630863,"16,5":0.6541259585880689,"16,6":0.3938836671582962,"16,7":0.17244661392884422,"16,8":0.07669621270834288,"16,9":0.027261428035866314,"17,0":3.2784899159474157,"17,1":2.5484649683500513,"17,2":1.9698266723657312,"17,3":1.4523615678191009,"17,4":1.040956986854194,"17,5":0.6727326776284962,"17,6":0.4073083215541059,"17,7":0.1753152895336794,"17,8":0.08377473857695009,"17,9":0.0303392417070341,"18,0":3.2105831636831668,"18,1":2.5129044670510114,"18,2":1.9481932550421437,"18,3":1.436264172439388,"18,4":1.0309912686655114,"18,5":0.6691217665813625,"18,6":0.40695563510745897,"18,7":0.17346326830120587,"18,8":0.08654563168352208,"18,9":0.03200610178228035,"19,0":3.147841655813857,"19,1":2.4846236289209824,"19,2":1.93346067334724,"19,3":1.4281592119869255,"19,4":1.0272474263360913,"19,5":0.6717172165273978,"19,6":0.41200952231991456,"19,7":0.17946800595146764,"19,8":0.09018443890206657,"19,9":0.03200610178228035,"20,0":3.0424303021560797,"20,1":2.4191208604404215,"20,2":1.8884026614951632,"20,3":1.3967793548052525,"20,4":1.0054500881504176,"20,5":0.6620548607576503,"20,6":0.407780756606824,"20,7":0.18346082060242658,"20,8":0.08998940282222544,"20,9":0.0303392417070341,"21,0":2.8489343500118163,"21,1":2.2722782138564415,"21,2":1.7785436817786477,"21,3":1.316433383894588,"21,4":0.9481573755652634,"21,5":0.6280214223327881,"21,6":0.388675313026627,"21,7":0.18101582196242694,"21,8":0.08606581005775144,"21,9":0.027261428035866314,"22,0":2.6305124808970373,"22,1":2.1003946771883566,"22,2":1.6463859354865118,"22,3":1.2177412998676258,"22,4":0.874301520400178,"22,5":0.5812151695905411,"22,6":0.36184153525746726,"22,7":0.17527193858129145,"22,8":0.07895659717875035,"22,9":0.023220117951576667,"23,0":2.4490059957032835,"23,1":1.9534521214918867,"23,2":1.5333508671824454,"23,3":1.1321444201087119,"23,4":0.8088470665019086,"23,5":0.5393429313992009,"23,6":0.3357055315632345,"23,7":0.16924204136749907,"23,8":0.06951968234216316,"23,9":0.018747880695409055,"24,0":2.2990682664745306,"24,1":1.8253894462479392,"24,2":1.430653310109059,"24,3":1.051203770421183,"24,4":0.7450835485301064,"24,5":0.4975972568320379,"24,6":0.3088439222573355,"24,7":0.16219975733215036,"24,8":0.05876427325667835,"24,9":0.014348677705697407,"25,0":2.2338305512324346,"25,1":1.7613410032995025,"25,2":1.3740982648847038,"25,3":1.0036286815399411,"25,4":0.7011548828685709,"25,5":0.4689321309716863,"25,6":0.2858432385941136,"25,7":0.1557185219213839,"25,8":0.04768685613609595,"25,9":0.01040982719613517,"26,0":2.2047145493874325,"26,1":1.7261757911315114,"26,2":1.339760311793549,"26,3":0.9722390371409457,"26,4":0.6688090569263877,"26,5":0.44589786034885526,"26,6":0.26723190710622463,"26,7":0.14981670921983611,"26,8":0.03713863247264712,"26,9":0.007158913248278956,"27,0":2.2049553216692543,"27,1":1.7157757944353047,"27,2":1.3240332364002299,"27,3":0.9546422141805059,"27,4":0.6459284648874668,"27,5":0.4299350242085213,"27,6":0.25196869134409855,"27,7":0.14392269941392505,"27,8":0.027742026264669907,"27,9":0.0046668368558410965,"28,0":2.1612500033432007,"28,1":1.6685186103388343,"28,2":1.2781742168437678,"28,3":0.915241802561817,"28,4":0.6074977897289405,"28,5":0.4016300020769476,"28,6":0.22902730382425096,"28,7":0.13410441681915494,"28,8":0.019015514561538507,"28,9":0.002883832807791026,"29,0":2.1685660179649533,"29,1":1.6631966621447734,"29,2":1.2624127948696842,"29,3":0.8951702562855631,"29,4":0.5825111377273242,"29,5":0.38155222945126077,"29,6":0.20892666540715224,"29,7":0.12280747572347328,"29,8":0.01040982719613517,"30,0":2.191480245972703,"30,1":1.6776160777201279,"30,2":1.2659251102924245,"30,3":0.8925419502714351,"30,4":0.5733374971119127,"30,5":0.37368162317193043,"30,6":0.1984689403857277,"30,7":0.11482258163626383,"30,8":0.007158913248278956,"31,0":2.162304428022363,"31,1":1.6517521350364897,"31,2":1.237580107817354,"31,3":0.8670028740337948,"31,4":0.5499629196672621,"31,5":0.3564635550619412,"31,6":0.1820936725230004,"31,7":0.10354263771335946,"31,8":0.0046668368558410965,