{"33,5":-0.0030152546052532223,"62,50":0.006030509210506445,"62,51":0.01459966374481179,"62,52":0.02874679309895368,"62,53":0.03731594763325903,"62,54":0.03731594763325903,"62,55":0.028746793098953685,"62,56":0.01459966374481179,"62,57":0.006030509210506445,"63,49":0.006030509210506445,"63,50":0.02271628388844724,"63,51":0.06705639190045466,"63,52":0.13193152581917064,"63,53":0.18518096735525866,"63,54":0.19735589757071184,"63,55":0.15696018783608184,"63,56":0.08895588751767233,"63,57":0.0317620477042069,"63,58":0.006030509210506445,"64,49":0.01459966374481179,"64,50":0.06102588268994822,"64,51":0.1795036953666191,"64,52":0.3542421235158765,"64,53":0.5247121503141493,"64,54":0.5874858535234904,"64,55":0.49998549622583455,"64,56":0.3222552543028229,"64,57":0.1747196575330791,"64,58":0.104081564842261,"64,59":0.06733206339411216,"64,60":0.04636171144901869,"64,61":0.020630172955318233,"64,62":0.006030509210506445}