{"64,0":0.028462382256965554,"64,1":0.044955849644377696,"64,2":0.0607749660574092,"64,3":0.07158872984040252,"64,4":0.07590762045675475,"64,5":0.0757729074721725,"64,6":0.07716987779571755,"64,7":0.08930160224389382,"64,8":0.116155870917177,"64,9":0.15911748996822886,"64,10":0.21076078762102368,"64,11":0.2564578652177216,"64,12":0.28343646954174917,"64,13":0.28209354873370895,"64,14":0.25664172477863745,"64,15":0.21641336610871484,"64,16":0.17267263637935756,"64,17":0.13245742327272642,"64,18":0.09707646609498033,"64,19":0.066995855901011,"64,20":0.0427583350116544,"64,21":0.024379711392083114,"64,22":0.013291261915368143,"64,23":0.00629231345174485,"64,24":0.0021973696250604012}