{"0,58":-0.009859821959855014,"0,59":-0.020383981763792875,"0,60":-0.026745552201512986,"0,61":-0.03447987717355462,"0,62":-0.043674867533013674,"0,63":-0.05629412788148684,"0,64":-0.06904062203737603,"1,58":-0.01115905747553379,"1,59":-0.023367411580858227,"1,60":-0.0306645113987232,"1,61":-0.03953788032769518,"1,62":-0.05008904500292407,"1,63":-0.06487479409005181,"1,64":-0.07960597454519824,"2,58":-0.012408125534658747,"2,59":-0.026325613637193636,"2,60":-0.03455154141035331,"2,61":-0.044556239035011685,"2,62":-0.05645493779017627,"2,63":-0.07351885164076995,"2,64":-0.09026442410763218,"3,58":-0.013555173023889722,"3,59":-0.029147000500304845,"3,60":-0.03826016434091594,"3,61":-0.0493460318090186,"3,62":-0.06253313539216716,"3,63":-0.08193383822678457,"3,64":-0.10065875712757394,"4,58":-0.01454869954049191,"4,59":-0.03171449498915833,"4,60":-0.04163660641927176,"4,61":-0.05370881116912384,"4,62":-0.06807200786474962,"4,63":-0.0898058939761561,"4,64":-0.11040473423050332,"5,58":-0.015341347488856166,"5,59":-0.033913399663004315,"5,60":-0.04453012395708574,"5,61":-0.05744991633376048,"5,62":-0.07282456953959499,"5,63":-0.09681923892264943,"5,64":-0.11911475191669713,"6,58":-0.015893628654312007,"6,59":-0.035639812592813125,"6,60":-0.046804056194220456,"6,61":-0.06039273610894183,"6,62":-0.07656656301209197,"6,63":-0.10413788686036239,"6,64":-0.12836178176465987,"7,58":-0.0161771807932928,"7,59":-0.0368087390078225,"7,60":-0.048346489071879384,"7,61":-0.06239248310271649,"7,62":-0.07911394056825055,"7,63":-0.1090630765564714,"7,64":-0.13458747278870614,"8,58":-0.0161771807932928,"8,59":-0.03736102017327834,"8,60":-0.04907937548508601,"8,61":-0.06334798891012268,"8,62":-0.08033785262793541,"8,63":-0.11249262870958301,"8,64":-0.13899896762157582,"9,58":-0.015893628654312007,"9,59":-0.03726829384561402,"9,60":-0.048965078258687206,"9,61":-0.06321018379977347,"9,62":-0.08017544553233627,"9,63":-0.11431464321928497,"9,64":-0.14145494096744152,"10,58":-0.015341347488856166,"10,59":-0.036535407432407394,"10,60":-0.04800957245128101,"10,61":-0.06198627174008861,"10,62":-0.07863520935547777,"10,63":-0.11449579208679589,"10,64":-0.14190917273945752,"11,58":-0.01454869954049191,"11,59":-0.03519999810881159,"11,60":-0.04626192779425436,"11,61":-0.06119944348595478,"11,62":-0.07773413442708585,"11,63":-0.11560819581518858,"11,64":-0.14364742455302287,"12,58":-0.013555173023889722,"12,59":-0.03332929051362722,"12,60":-0.04381013366555124,"12,61":-0.05851973522188213,"12,62":-0.07437313694005158,"12,63":-0.1135431218305156,"12,64":-0.14139321165564533,"13,58":-0.012408125534658747,"13,59":-0.031014491217830533,"13,60":-0.04077376097346591,"13,61":-0.05519504169947947,"13,62":-0.07019873585927563,"13,63":-0.11037159394708373,"13,64":-0.13778204465509594,"14,58":-0.01115905747553379,"14,59":-0.028363430338369015,"14,60":-0.03729431247927063,"14,61":-0.05141778775562565,"14,62":-0.06545530669753852,"14,63":-0.10633331952711779,"14,64":-0.1331013024636577,"15,58":-0.009859821959855014,"15,59":-0.025492275426045728,"15,60":-0.03352434397262943,"15,61":-0.0473904537638663,"15,62":-0.06039988743338098,"15,63":-0.10168573984199916,"15,64":-0.12766011809958544,"16,58":-0.008559154266378934,"16,59":-0.02251719941975741,"16,60":-0.029616514628958587,"16,61":-0.04330977988554794,"16,62":-0.05528204191537495,"16,63":-0.09668229885783058,"16,64":-0.1217629588378011,"17,58":-0.007299831872405893,"17,59":-0.019546821866077185,"17,60":-0.0257136440393825,"17,61":-0.03935240356041221,"17,62":-0.05032553445454109,"17,63":-0.09155275336090594,"17,64":-0.11568567552139047,"18,58":-0.006116670471828598,"18,59":-0.01667607905624633,"18,60":-0.021940639634504794,"18,61":-0.035663262210774906,"18,62":-0.045713521385611536,"18,63":-0.08648743122686911,"18,64":-0.1096563579724919,"19,58":-0.005035441246949811,"19,59":-0.013981947260758475,"19,60":-0.01839885476432154,"19,61":-0.03234770588990825,"19,62":-0.04157847550119284,"19,63":-0.08162677042517308,"19,64":-0.10384263588735207,"20,58":-0.004072679219340875,"20,59":-0.011521184425767834,"20,60":-0.015163097806777744,"20,61":-0.02946779711262596,"20,62":-0.039457801955576716,"20,63":-0.07899466980205234,"20,64":-0.10087275825488225,"21,58":-0.0032362577159731087,"21,59":-0.009330009771143781,"21,60":-0.012281189257408275,"21,61":-0.027042793423509688,"21,62":-0.03693068418755127,"21,63":-0.07684228623253342,"21,64":-0.09849524153691022,"22,58":-0.002526540217825454,"22,59":-0.007425440663841832,"22,60":-0.009775700229656199,"22,61":-0.02505337242062479,"22,62":-0.03506398237456419,"22,63":-0.07416427996966529,"22,64":-0.09534178755661754,"23,58":-0.0019378919350484184,"23,59":-0.00580787296974959,"23,60":-0.007647329968694928,"23,61":-0.023448815417139387,"23,62":-0.033800595784559934,"23,63":-0.07201761137244622,"23,64":-0.09281902134383017,"24,58":-0.0014603370960763935,"24,59":-0.004464432152873872,"24,60":-0.005879301662326411,"24,61":-0.022156143532181982,"24,62":-0.03305080176223702,"24,63":-0.07034598359639659,"24,64":-0.09085994151773465,"25,59":-0.0019378919350484184,"25,60":-0.002571615253776481,"25,61":-0.01869410893335712,"25,62":-0.031148573506334768,"25,63":-0.06728056079025786,"25,64":-0.08736826027087725,"26,56":-0.0014603370960763935,"26,57":-0.0019378919350484184,"26,58":-0.002526540217825454,"26,59":-0.004696594812049502,"26,60":-0.007470908250465687,"26,61":-0.025393502054135687,"26,62":-0.04102514386482539,"26,63":-0.07849580685035495,"26,64":-0.10092986486718,"27,56":-0.0019378919350484184,"27,57":-0.002571615253776481,"27,58":-0.003352761444500957,"27,59":-0.004294568524193971,"27,60":-0.007342405888987655,"27,61":-0.025430911435421862,"27,62":-0.04276344984356603,"27,63":-0.07971687695657219,"27,64":-0.10240062169526817,"28,53":-0.0014603370960763935,"28,54":-0.0019378919350484184,"28,55":-0.002526540217825454,"28,56":-0.005762797933798563,"28,57":-0.007425440663841832,"28,58":-0.009406627522666772,"28,59":-0.011715744340884291,"28,60":-0.016872545107141694,"28,61":-0.03680095136227206,"28,62":-0.05807630942717152,"28,63":-0.0968092350201729,"28,64":-0.12207749475748522,"29,53":-0.0019378919350484184,"29,54":-0.002571615253776481,"29,55":-0.003352761444500957,"29,56":-0.00753082624016708,"29,57":-0.009699082478133208,"29,58":-0.012281189257408275,"29,59":-0.015288805879743926,"29,60":-0.021948735084685048,"29,61":-0.04270539659826339,"29,62":-0.0672620110158495,"29,63":-0.10709813924058154,"29,64":-0.1342468527860337,"30,53":-0.002526540217825454,"30,54":-0.003352761444500957,"30,55":-0.004371186275716961,"30,56":-0.00967175308839657,"30,57":-0.012450686970849584,"30,58":-0.01575802787500972,"30,59":-0.019607975152770945,"30,60":-0.028060315311560016,"30,61":-0.049597271520951114,"30,62":-0.07771600296909016,"30,63":-0.11896881132878599,"30,64":-0.14823313182419412,"31,53":-0.0032362577159731087,"31,54":-0.004294568524193971,"31,55":-0.005599073869055693,"31,56":-0.01220732233682634,"31,57":-0.015707592850842354,"31,58":-0.01987091233363316,"31,59":-0.024714230499423513,"31,60":-0.03525577480391903,"31,61":-0.05756167150353842,"31,62":-0.0894845163969666,"31,63":-0.1324691301167831,"31,64":-0.16408329278736083,"32,53":-0.004072679219340875,"32,54":-0.005404513953939236,"32,55":-0.0070461730169103474,"32,56":-0.015142147934318369,"32,57":-0.019475066734091016,"32,58":-0.024625650453957593,"32,59":-0.030613725319180538,"32,60":-0.04353344940623401,"32,61":-0.06663351437988482,"32,62":-0.10254300995430307,"32,63":-0.1475469817638032,"32,64":-0.18172515627787017,"33,53":-0.005035441246949811,"33,54":-0.006682115388352582,"33,55":-0.008711854858099369,"33,56":-0.018458889347939683,"33,57":-0.023730152669898592,"33,58":-0.029992381538590896,"33,59":-0.03726829384561402,"33,60":-0.05282887325345363,"33,61":-0.07677907009489317,"33,62":-0.11677673740004589,"33,63":-0.16440910833613326,"33,64":-0.2014475595550867,"34,53":-0.006116670471828598,"34,54":-0.008116924789867397,"34,55":-0.010582497690281174,