{"1,0":0.009045763815759666,"2,0":0.05597392144988855,"2,1":0.018091527631519333,"3,0":0.18770240432677257,"3,1":0.07057358519470032,"3,2":0.015076273026266112,"4,0":0.45907007957867485,"4,1":0.2007621870208989,"4,2":0.05667679792667782,"4,3":0.006030509210506445,"5,0":0.8431301290869044,"5,1":0.42016154200919437,"5,2":0.14053287629951358,"5,3":0.026660682165824675,"6,0":1.2515077843183373,"6,1":0.6932949183509686,"6,2":0.25838178026066,"6,3":0.057946120588577274,"7,0":1.5224890175153472,"7,1":0.9011612697891709,"7,2":0.35632059609556244,"7,3":0.08877902462065994,"8,0":1.5142335190009033,"8,1":0.921843482025078,"8,2":0.375745953885099,"8,3":0.09734817915496528,"9,0":1.2078316566124285,"9,1":0.7446484973685399,"9,2":0.3038466595876347,"9,3":0.0806624044770245,"10,0":0.7669226811278427,"10,1":0.470924599950871,"10,2":0.19202826483699462,"10,3":0.049376966054271915,"11,0":0.4185508112494823,"11,1":0.24005296877511295,"11,2":0.09580318499940835,"11,3":0.020630172955318233,"12,0":0.29590641376885374,"12,1":0.1366514291247082,"12,2":0.04334645684376547,"12,3":0.006030509210506445,"13,0":0.35446839071121145,"13,1":0.12936880560458727,"13,2":0.02874679309895368,"14,0":0.40101760874782,"14,1":0.1310023821470464,"14,2":0.02271628388844724,"15,0":0.3269978965463515,"15,1":0.10042794125633625,"15,2":0.01459966374481179,"16,0":0.17958578418313711,"16,1":0.051915611378070825,"16,2":0.006030509210506445,"17,0":0.0660627407322127,"17,1":0.018091527631519333,"18,0":0.01206101842101289,"38,10":0.003350282894725803,"38,11":0.008110924302673217,"38,12":0.012620157715804024,"38,13":0.012620157715804024,"38,14":0.008110924302673217,"38,15":0.003350282894725803,"39,9":0.003350282894725803,"39,10":0.012620157715804024,"39,11":0.030552985266356542,"39,12":0.04753878576119552,"39,13":0.04753878576119552,"39,14":0.030552985266356542,"39,15":0.012620157715804024,"39,16":0.003350282894725803,"40,9":0.008110924302673217,"40,10":0.030552985266356542,"40,11":0.07396776884311129,"40,12":0.11508983117726049,"40,13":0.11508983117726049,"40,14":0.07396776884311129,"40,15":0.030552985266356542,"40,16":0.008110924302673217,"41,0":0.008110924302673217,"41,1":0.012620157715804024,"41,2":0.012620157715804024,"41,3":0.008110924302673217,"41,4":0.003350282894725803,"41,9":0.012620157715804024,"41,10":0.04753878576119552,"41,11":0.11508983117726049,"41,12":0.17907352685606795,"41,13":0.17907352685606795,"41,14":0.11508983117726049,"41,15":0.04753878576119552,"41,16":0.012620157715804024,"42,0":0.030552985266356542,"42,1":0.04753878576119552,"42,2":0.04753878576119552,"42,3":0.030552985266356542,"42,4":0.012620157715804024,"42,5":0.003350282894725803,"42,9":0.012620157715804024,"42,10":0.04753878576119552,"42,11":0.11508983117726049,"42,12":0.17907352685606795,"42,13":0.17907352685606795,"42,14":0.11508983117726049,"42,15":0.04753878576119552,"42,16":0.012620157715804024,"43,0":0.0820786931457845,"43,1":0.1277099888930645,"43,2":0.1277099888930645,"43,3":0.0820786931457845,"43,4":0.03390326816108234,"43,5":0.008110924302673217,"43,9":0.008110924302673217,"43,10":0.030552985266356542,"43,11":0.07396776884311129,"43,12":0.11508983117726049,"43,13":0.11508983117726049,"43,14":0.07396776884311129,"43,15":0.030552985266356542,"43,16":0.008110924302673217,"44,0":0.14564281644361704,"44,1":0.22661231261726347,"44,2":0.22661231261726347,"44,3":0.14564281644361704,"44,4":0.060158943476999543,"44,5":0.015970440610529827,"44,9":0.003350282894725803,"44,10":0.012620157715804024,"44,11":0.030552985266356542,"44,12":0.04753878576119552,"44,13":0.04753878576119552,"44,14":0.030552985266356542,"44,15":0.012620157715804024,"44,16":0.003350282894725803,"45,0":0.18905760002037178,"45,1":0.29416335803332844,"45,2":0.29416335803332844,"45,3":0.18905760002037178,"45,4":0.07809177102755206,"45,5":0.02073108201847724,"45,9":0.003350282894725803,"45,10":0.01146120719739902,"45,11":0.02073108201847724,"45,12":0.025240315431608047,"45,13":0.02073108201847724,"45,14":0.01146120719739902,"45,15":0.003350282894725803,"46,0":0.18905760002037178,"46,1":0.29416335803332844,"46,2":0.29416335803332844,"46,3":0.18905760002037178,"46,4":0.07809177102755206,"46,5":0.02073108201847724,"46,8":0.003350282894725803,"46,9":0.012620157715804024,"46,10":0.030552985266356542,"46,11":0.04753878576119552,"46,12":0.04753878576119552,"46,13":0.030552985266356542,"46,14":0.012620157715804024,"46,15":0.003350282894725803,"47,0":0.15375374074629025,"47,1":0.2392324703330675,"47,2":0.2392324703330675,"47,3":0.15375374074629025,"47,4":0.06350922637172535,"47,5":0.015970440610529827,"47,8":0.008110924302673217,"47,9":0.030552985266356542,"47,10":0.07396776884311129,"47,11":0.11508983117726049,"47,12":0.11508983117726049,"47,13":0.07396776884311129,"47,14":0.030552985266356542,"47,15":0.008110924302673217,"48,0":0.11263167841214104,"48,1":0.17524877465426003,"48,2":0.17524877465426003,"48,3":0.11263167841214104,"48,4":0.04652342587688637,"48,5":0.01146120719739902,"48,8":0.012620157715804024,"48,9":0.04753878576119552,"48,10":0.11508983117726049,"48,11":0.17907352685606795,"48,12":0.17907352685606795,"48,13":0.11508983117726049,"48,14":0.04753878576119552,"48,15":0.012620157715804024,"49,0":0.10452075410946783,"49,1":0.162628616938456,"49,2":0.162628616938456,"49,3":0.10452075410946783,"49,4":0.043173142982160566,"49,5":0.01146120719739902,"49,8":0.012620157715804024,"49,9":0.04753878576119552,"49,10":0.11508983117726049,"49,11":0.17907352685606795,"49,12":0.17907352685606795,"49,13":0.11508983117726049,"49,14":0.04753878576119552,"49,15":0.012620157715804024,"50,0":0.1232007554799337,"50,1":0.19169368457187197,"50,2":0.19169368457187197,"50,3":0.1232007554799337,"50,4":0.05088906865592133,"50,5":0.012620157715804024,"50,8":0.008110924302673217,"50,9":0.03390326816108234,"50,10":0.0820786931457845,"50,11":0.1277099888930645,"50,12":0.1277099888930645,"50,13":0.0820786931457845,"50,14":0.03390326816108234,"50,15":0.01146120719739902,"50,16":0.008110924302673217,"50,17":0.012620157715804024,"50,18":0.012620157715804024,"50,19":0.01146120719739902,"50,20":0.01146120719739902,"50,21":0.012620157715804024,"50,22":0.012620157715804024,"50,23":0.008110924302673217,"50,24":0.003350282894725803,"51,0":0.11508983117726049,"51,1":0.17907352685606795,"51,2":0.17907352685606795,"51,3":0.11508983117726049,"51,4":0.04753878576119552,"51,5":0.012620157715804024,"51,8":0.006700565789451606,"51,9":0.02859059832633385,"51,10":0.0692168948353863,"51,11":0.10769772923819507,"51,12":0.10769772923819507,"51,13":0.0692168948353863,"51,14":0.03529116411578546,"51,15":0.03078193070265465,"51,16":0.05463435017955959,"51,17":0.08424030839020258,"51,18":0.09235123269287579,"51,19":0.08322494850589343,"51,20":0.07871571509276262,"51,21":0.08308135787179757,"51,22":0.07612938408752937,"51,23":0.051284067284833784,"51,24":0.024081364913203042,"51,25":0.006700565789451606,"52,0":0.07396776884311129,"52,1":0.11508983117726049,"52,2":0.11508983117726049,"52,3":0.07396776884311129,"52,4":0.030552985266356542,"52,5":0.008110924302673217,"52,8":0.01146120719739902,"52,9":0.04987370877161217,"52,10":0.12074260271481427,"52,11":0.18786893237006405,"52,12":0.18786893237006405,"52,13":0.12409288560954007,"52,14":0.07395507368481521,"52,15":0.09188790123536773,"52,16":0.17614090478386638,"52,17":0.2659607033976161,"52,18":0.2953547381455676,"52,19":0.2668528335272225,"52,20":0.2484566745191619,"52,21":0.25927715958177117,"52,22":0.2468689253286586,"52,23":0.1806501381969972,"52,24":0.09445721026699434,"52,25":0.035542572110602064,"52,26":0.006700565789451606,"53,0":0.030552985266356542,"53,1":0.04753878576119552,"53,2":0.04753878576119552,"53,3":0.030552985266356542,"53,4":0.012620157715804024,"53,5":0.003350282894725803,"53,8":0.027431647807928845,"53,9":0.09882285304602931,"53,10":0.23223074300253235,"53,11":0.35432230151032795,"53,12":0.34981306809719714,"53,13":0.23107179248412732,"53,14":0.14534627892291568,"53,15":0.2002222696970694,"53,16":0.3848255332304175,